id,farmacia_id,medicamento_id,encontrado,cantidad_resultados,error,ejecutado_en
0017048d-9584-43f9-9c51-1462cc314871,1,cdde90d3-c7f2-484b-9d50-d359b362c86c,true,17,,2026-08-24 23:20:23.752741+00
0018f31f-157d-4c76-bee2-635f8572f119,12,fa0c2bff-89f2-4bbd-9dea-a54bc057d264,true,2,,2026-09-02 00:45:24.259657+00
002cfa40-17c4-4356-a9b7-4417a5ec7c38,1,d3e0c4a0-51ff-4221-a50d-686df4e3a21f,true,9,,2026-08-28 06:30:23.110914+00
00316060-8d03-4056-9894-40371ef71694,1,2bfb9538-a407-4ddc-84e2-81274f189173,true,8,,2026-08-27 04:13:03.038647+00
00660d28-98ce-47f4-a55e-f93bd074e571,1,acbb1997-cf3a-4b9e-bb33-c361e8262a42,true,11,,2026-08-31 01:04:41.567675+00
007472fd-d53a-4f11-b6e9-edb7ffe58aaf,1,06eb4f0b-8e0a-4de3-92b1-aadf775c0aa4,false,0,,2026-09-03 00:58:36.369887+00
00866e36-77b1-4093-81ee-6823a66d8dfb,12,8f5aa14d-c014-473b-8d44-af08fc7238fb,true,7,,2026-09-07 00:31:10.544686+00
009338b8-3bed-43db-ba92-a410d1745913,1,80234ad7-9552-466e-8a3a-24d9970c57d8,true,1,,2026-09-07 00:33:31.954144+00
00ac13b4-0a68-440d-b9c9-f92b57657a5f,2,d3e0c4a0-51ff-4221-a50d-686df4e3a21f,true,9,,2026-09-05 00:32:05.446077+00
00aec786-e0ac-4f26-af06-effa43c78c57,1,80234ad7-9552-466e-8a3a-24d9970c57d8,true,1,,2026-08-24 23:18:58.760194+00
00aedb4e-3a31-4821-ba41-985608d25641,1,67e50f5f-8560-4cef-8285-f0a7a765a91b,true,11,,2026-09-03 00:55:13.9609+00
00cb5880-a57b-429b-8cb7-b52c2568d7d7,12,ee1d97a1-7499-48fa-9fd2-8d7e700d8b5d,true,10,,2026-09-16 00:56:47.04911+00
00d0f403-3109-4475-b100-5b82ad1c2780,2,06eb4f0b-8e0a-4de3-92b1-aadf775c0aa4,false,0,,2026-09-05 00:33:17.944982+00
00d89d4f-362e-4bc3-9fb1-a52f9d94cd27,1,8f5aa14d-c014-473b-8d44-af08fc7238fb,true,37,,2026-09-06 00:24:30.771949+00
00d99f61-5f39-425b-8ac2-9d371feb1c92,12,67e50f5f-8560-4cef-8285-f0a7a765a91b,true,5,,2026-08-24 23:17:41.120554+00
011d9898-ae6d-4786-8870-231808556c94,1,8aa3c496-01a6-42d5-8cc9-c3e6261f5c4a,true,7,,2026-09-09 00:57:54.659848+00
0149a132-d365-4ea0-b8c1-821eae325705,2,75996b9d-b793-4155-868b-449a063d2b12,true,3,,2026-09-05 00:31:37.3026+00
01a2c6ef-be84-47fa-a88e-8f57672e17cd,2,88f00fde-c03b-40d0-8391-942129c05179,true,3,,2026-08-24 21:24:41.186382+00
01e334ab-0595-4d1c-94dc-eacd523fb998,1,80234ad7-9552-466e-8a3a-24d9970c57d8,true,1,,2026-09-03 00:56:45.223623+00
01ff2e57-e509-47d4-a4d2-6a284113abc0,12,fa0c2bff-89f2-4bbd-9dea-a54bc057d264,true,2,,2026-09-03 00:58:31.88658+00
021e2a01-ecd2-45ff-809c-2fb5e813ac91,12,a02ccc98-25c3-4172-b022-a0e1a2a0370e,true,6,,2026-09-12 00:53:41.833518+00
0233f26a-5cb3-4d93-8427-dcf1b4315b63,12,0effda5f-f587-4e30-81b4-fdf6ea0892cf,true,2,,2026-09-17 01:00:07.514309+00
023c3e09-120b-4dce-855a-1cfb1e0460d5,12,3960d038-c199-4ec9-9192-61e08cfac5be,true,4,,2026-09-01 01:36:39.765649+00
0261546d-ce9a-48a4-9797-31db12a58f62,1,a02ccc98-25c3-4172-b022-a0e1a2a0370e,true,15,,2026-09-08 00:53:08.52095+00
02833e3a-1300-4e97-a643-d06eb674674f,1,be9baa68-6a1a-445b-983e-1d28a4ba0a4f,true,50,,2026-08-31 01:01:12.423538+00
029638e0-8ff4-43df-b126-10d8180d3e30,12,06eb4f0b-8e0a-4de3-92b1-aadf775c0aa4,false,0,,2026-09-08 00:54:07.668747+00
02ac4bda-c733-4a64-9b6e-f812ddedeab8,12,8f5aa14d-c014-473b-8d44-af08fc7238fb,true,7,,2026-09-05 00:29:34.281076+00
02b9cada-13ce-44c1-ac6d-00274ac48f70,12,acbb1997-cf3a-4b9e-bb33-c361e8262a42,true,4,,2026-08-25 23:20:54.946825+00
02edc71d-05a6-41a2-a7ea-75272fcd7a04,12,f9d49da4-1257-4533-a246-a78b1d060d11,true,3,,2026-09-13 00:31:52.331299+00
02edccf9-93ea-4a14-ac3f-cb5aae42cf92,12,0effda5f-f587-4e30-81b4-fdf6ea0892cf,true,2,,2026-09-05 00:30:10.012805+00
0318a49d-3438-4524-a559-f6c9bd926684,1,67e50f5f-8560-4cef-8285-f0a7a765a91b,true,11,,2026-09-12 00:51:22.402727+00
0335d356-8efd-4807-b638-b11ded10b869,2,06eb4f0b-8e0a-4de3-92b1-aadf775c0aa4,false,0,,2026-09-18 00:58:48.242739+00
03782bae-194b-4ad7-8b86-7d62df8810d8,12,80234ad7-9552-466e-8a3a-24d9970c57d8,true,10,,2026-09-10 00:46:50.230047+00
03c536d5-95ad-4431-af0a-f3c5e9bfbe3d,1,acbb1997-cf3a-4b9e-bb33-c361e8262a42,true,11,,2026-09-06 00:27:00.524701+00
03fc911e-f179-43bf-be6a-61e497a02a5f,1,ea3cb1ea-68fe-4723-8357-d6333898c16b,true,12,,2026-08-29 04:00:51.918597+00
0401ce4a-d3f9-4d59-90cb-a849cc2a8109,2,fa0c2bff-89f2-4bbd-9dea-a54bc057d264,true,4,,2026-08-30 01:00:06.833583+00
04110246-acf4-4282-bac9-653a97d8e1c8,12,3960d038-c199-4ec9-9192-61e08cfac5be,true,4,,2026-09-02 00:44:54.888173+00
042816b7-7864-4e79-b276-33b60ba4a531,1,9bf64c00-6ad2-4bbb-878a-e1bd1ed7c664,true,21,,2026-09-14 00:35:23.275582+00
0451aa04-4d65-40ae-837a-8a7e80107ee1,2,2bfb9538-a407-4ddc-84e2-81274f189173,true,8,,2026-08-24 23:19:30.938123+00
045b99d2-e715-4135-a37e-693c4e148a52,12,be9baa68-6a1a-445b-983e-1d28a4ba0a4f,true,7,,2026-09-06 00:24:20.540974+00
047d8cc8-0c40-40d8-ac86-408024cd9281,1,88f00fde-c03b-40d0-8391-942129c05179,true,3,,2026-09-08 00:52:23.506319+00
04bfcb99-0fc6-4ac5-8bbd-4649bdd59bcb,12,81f99d74-df4e-46d7-be77-e3ff5812f50e,false,0,,2026-09-14 00:37:15.320976+00
04e9c00d-f316-46d9-9e82-faf99fdec039,12,5c1d9ed6-c403-444e-aea4-876ac23e534a,true,3,,2026-08-31 01:04:11.789598+00
04edf4fe-1ef1-4a02-85d5-0ae1a7014baa,1,ee1d97a1-7499-48fa-9fd2-8d7e700d8b5d,true,45,,2026-09-10 00:45:17.623851+00
04f75aee-1f8f-4180-8d31-0c21cbe17bbd,12,a02ccc98-25c3-4172-b022-a0e1a2a0370e,true,6,,2026-09-03 00:57:36.831125+00
05221a31-850b-4e62-b352-4b3a182d5079,1,88f00fde-c03b-40d0-8391-942129c05179,true,3,,2026-08-24 23:18:52.888636+00
05458b20-0905-4b3f-ac4d-97b6c1f700ba,2,dea5cb3f-0c5e-4fab-a0c3-f743f4ecc299,true,32,,2026-08-30 00:57:33.350663+00
055c328f-c195-4fb8-bf51-301020771535,12,0effda5f-f587-4e30-81b4-fdf6ea0892cf,true,2,,2026-09-15 01:06:10.673157+00
05622dcd-38a8-4c6d-9b2a-a4956145d175,2,ee1d97a1-7499-48fa-9fd2-8d7e700d8b5d,true,50,,2026-09-09 00:55:15.989466+00
05638c3b-c65f-4408-8047-b02e073c83d4,12,f9d49da4-1257-4533-a246-a78b1d060d11,true,3,,2026-09-09 00:54:44.376288+00
05b34c4a-8128-419b-bcd9-247153675631,2,f9d49da4-1257-4533-a246-a78b1d060d11,true,22,,2026-09-09 00:54:43.55728+00
05b4d2cd-7a30-402d-a3a1-c434051be773,12,acbb1997-cf3a-4b9e-bb33-c361e8262a42,true,4,,2026-09-04 00:38:31.672042+00
05c76cba-2843-4d07-bcf2-b00ed075aff7,1,80234ad7-9552-466e-8a3a-24d9970c57d8,true,1,,2026-08-30 00:58:29.098155+00
05cbd2e3-2128-4075-b291-84969af3f8ff,1,0effda5f-f587-4e30-81b4-fdf6ea0892cf,true,2,,2026-09-05 00:30:08.525731+00
0661e1f8-bb93-40d2-a8ae-ffc7e8b2d6af,1,2bfb9538-a407-4ddc-84e2-81274f189173,true,8,,2026-09-12 00:53:23.207329+00
0663aede-26e6-4bde-bf90-327e584c6863,12,88f00fde-c03b-40d0-8391-942129c05179,true,1,,2026-09-11 00:44:59.877944+00
0673cbd7-2715-479c-a8a9-7b1aa4549786,2,81f99d74-df4e-46d7-be77-e3ff5812f50e,false,0,,2026-08-24 21:26:27.060408+00
06825fcc-6d9b-4521-8617-0382440dda25,1,be9baa68-6a1a-445b-983e-1d28a4ba0a4f,true,50,,2026-09-02 00:41:16.880846+00
06869a06-22aa-4c40-a860-ff8345b6c5ea,2,5c1d9ed6-c403-444e-aea4-876ac23e534a,true,18,,2026-08-29 04:01:03.871286+00
0727f9e9-06f3-4a3b-897a-9c3f4bc3aead,12,67e50f5f-8560-4cef-8285-f0a7a765a91b,true,5,,2026-09-12 00:51:26.625319+00
07666f35-cf7f-4fe9-b8b5-ea01cad59e1d,1,5c1d9ed6-c403-444e-aea4-876ac23e534a,true,18,,2026-08-29 04:01:01.167908+00
07863d15-264b-4f87-b4da-f6e8f23cd7a5,1,8f5aa14d-c014-473b-8d44-af08fc7238fb,true,37,,2026-08-30 00:55:52.52415+00
07bd0718-46de-4ab0-b533-1d1838549b64,2,acbb1997-cf3a-4b9e-bb33-c361e8262a42,true,10,,2026-09-06 00:27:02.214097+00
07c6a657-f8c1-441d-8aee-cb3c7d9737a0,2,be9baa68-6a1a-445b-983e-1d28a4ba0a4f,true,50,,2026-08-28 06:26:46.877212+00
08419836-84fe-4616-b522-b3e9f0418aa5,2,acbb1997-cf3a-4b9e-bb33-c361e8262a42,true,10,,2026-09-16 00:58:38.201162+00
0861841f-0493-408a-b336-235ce766589c,1,06eb4f0b-8e0a-4de3-92b1-aadf775c0aa4,false,0,,2026-09-01 01:37:10.586603+00
086b7dea-13b7-430e-a718-9ab74767fce7,2,f9d49da4-1257-4533-a246-a78b1d060d11,true,22,,2026-09-07 00:31:44.912913+00
087eceb1-a070-4104-bd8d-7cd0dbc6ebc7,2,67e50f5f-8560-4cef-8285-f0a7a765a91b,true,11,,2026-08-25 23:19:35.264644+00
08a90e74-4780-4ae5-874f-0417507fd146,12,8aa3c496-01a6-42d5-8cc9-c3e6261f5c4a,true,3,,2026-08-31 01:05:27.228777+00
08b5ad4f-8dfe-4ba7-9d27-f8caee79db77,1,8f5aa14d-c014-473b-8d44-af08fc7238fb,true,37,,2026-08-31 01:01:38.014993+00
08cc2c5a-9de1-4cff-8000-9169a451842c,2,a02ccc98-25c3-4172-b022-a0e1a2a0370e,true,11,,2026-09-18 00:58:01.865151+00
08e61e3d-03cd-4ed3-8d44-e748ecf08de1,12,88f00fde-c03b-40d0-8391-942129c05179,true,1,,2026-09-09 00:56:54.772284+00
08fa6166-bba4-4537-9f14-4e4e0ce50c1f,2,dea5cb3f-0c5e-4fab-a0c3-f743f4ecc299,true,33,,2026-09-05 00:30:58.875595+00
096704b7-cf75-4554-b56a-06751915e7a3,2,80234ad7-9552-466e-8a3a-24d9970c57d8,true,1,,2026-09-02 00:43:56.663425+00
0991cf55-9dee-4ebe-92e4-3895f2a98640,12,8aa3c496-01a6-42d5-8cc9-c3e6261f5c4a,true,3,,2026-09-06 00:27:42.125534+00
09bbc9a9-a739-4e09-9587-1a70f6ba955c,2,06eb4f0b-8e0a-4de3-92b1-aadf775c0aa4,false,0,,2026-08-24 21:26:39.855199+00
09bc8495-e4d8-4ab4-9f5f-6f93e018dc6d,1,6e727674-f76f-44c8-88ef-7859f408961f,true,40,,2026-09-10 00:44:37.668729+00
09c89acd-a846-4cf5-8d79-2e623a5d9935,1,cdde90d3-c7f2-484b-9d50-d359b362c86c,true,17,,2026-09-02 00:45:06.95219+00
09d90691-487f-42b6-a91e-e287553200d0,2,9bf64c00-6ad2-4bbb-878a-e1bd1ed7c664,true,21,,2026-09-14 00:35:26.33028+00
09d93aaf-7094-4c89-a155-c95cfd90207b,1,a02ccc98-25c3-4172-b022-a0e1a2a0370e,true,15,,2026-09-06 00:27:31.060641+00
09db04c4-77ea-4dcd-947a-cdaa479548ca,1,cdde90d3-c7f2-484b-9d50-d359b362c86c,true,17,,2026-09-15 01:08:57.907285+00
0a2ea523-3c11-4521-9fb9-ae403e5d2544,1,0effda5f-f587-4e30-81b4-fdf6ea0892cf,true,2,,2026-09-11 00:43:12.010108+00
0a3b1570-a310-49a2-b92e-f1266a77b78f,1,f9d49da4-1257-4533-a246-a78b1d060d11,true,21,,2026-09-12 00:50:31.704447+00
0ab2e3f6-5003-478d-b109-6848ef0bdbb0,12,88f00fde-c03b-40d0-8391-942129c05179,true,1,,2026-09-08 00:52:24.582247+00
0ad7eded-00a5-47f8-8cc7-c9edd2880289,12,be9baa68-6a1a-445b-983e-1d28a4ba0a4f,true,7,,2026-08-28 06:26:50.144519+00
0aec5dd6-8565-4e53-a25c-cf5c0ef083a1,1,8aa3c496-01a6-42d5-8cc9-c3e6261f5c4a,true,7,,2026-08-24 23:19:56.638185+00
0b0a22e8-870b-4bb1-b8d2-d80cd18869ed,1,a02ccc98-25c3-4172-b022-a0e1a2a0370e,true,14,,2026-09-12 00:53:36.688242+00
0b13772b-1d80-47a0-915c-7d6842a3c3cf,1,9bf64c00-6ad2-4bbb-878a-e1bd1ed7c664,true,21,,2026-09-04 00:37:27.629732+00
0b14722a-7c17-4e20-b7a5-10b886a83a7f,12,fa0c2bff-89f2-4bbd-9dea-a54bc057d264,true,2,,2026-09-11 00:46:38.722348+00
0b478c20-7f13-4499-97e4-3a35384b7110,12,a02ccc98-25c3-4172-b022-a0e1a2a0370e,true,6,,2026-09-04 00:39:04.466569+00
0b5b7b6c-be81-43d9-aaae-d41abfb695db,1,ea3cb1ea-68fe-4723-8357-d6333898c16b,true,12,,2026-09-07 00:33:00.491382+00
0ba65bc4-f73d-4395-9bb9-dc157ae6bc64,12,dea5cb3f-0c5e-4fab-a0c3-f743f4ecc299,true,7,,2026-08-27 04:11:37.608165+00
0baf15e1-b173-416a-9db1-cbd8bf44615e,1,2bfb9538-a407-4ddc-84e2-81274f189173,true,8,,2026-09-14 00:36:27.2385+00
0bc5f2eb-c6bc-4c2f-8129-2db4762b35ca,12,5c1d9ed6-c403-444e-aea4-876ac23e534a,true,3,,2026-09-12 00:52:29.27563+00
0beb924e-c46a-4312-a16e-b1233cd01da2,1,75996b9d-b793-4155-868b-449a063d2b12,false,0,,2026-09-05 00:31:36.590122+00
0c019849-40cb-480a-a212-53e13e47e195,2,67e50f5f-8560-4cef-8285-f0a7a765a91b,true,11,,2026-08-24 21:23:21.252335+00
0c06a150-92ed-405e-b4cf-2d7df02198fa,1,ee1d97a1-7499-48fa-9fd2-8d7e700d8b5d,true,45,,2026-09-04 00:36:37.416714+00
0c36373a-b46d-458e-8a04-a9bc61a316e0,12,06eb4f0b-8e0a-4de3-92b1-aadf775c0aa4,false,0,,2026-08-24 21:26:40.05586+00
0c5d7759-f6b8-4d9b-bfb8-8ca58fed8fdb,1,0effda5f-f587-4e30-81b4-fdf6ea0892cf,true,2,,2026-09-10 00:45:02.892263+00
0c87ae68-7a67-47e6-8d34-119d0d24a51c,12,3960d038-c199-4ec9-9192-61e08cfac5be,true,4,,2026-09-06 00:27:55.126833+00
0ca2b1b7-99d9-4b57-acb0-2394e8e99e66,12,2bfb9538-a407-4ddc-84e2-81274f189173,true,10,,2026-09-18 00:57:53.668201+00
0ca5ff4f-84b7-4198-9004-b10c59c85f01,2,06eb4f0b-8e0a-4de3-92b1-aadf775c0aa4,false,0,,2026-08-24 23:20:47.204922+00
0ca7d465-6feb-49bc-b351-61af9868cc29,12,67e50f5f-8560-4cef-8285-f0a7a765a91b,true,5,,2026-09-17 01:00:55.341131+00
0ccbca67-04f9-4f57-b331-d65239c11dc5,2,dea5cb3f-0c5e-4fab-a0c3-f743f4ecc299,true,32,,2026-08-24 23:17:59.299856+00
0ccd327b-9136-4d56-9129-1f198c267634,1,67e50f5f-8560-4cef-8285-f0a7a765a91b,true,11,,2026-08-24 23:17:37.205596+00
0ce212c3-bd4c-4c5f-9b86-56857ba5b73f,12,d3e0c4a0-51ff-4221-a50d-686df4e3a21f,true,1,,2026-09-13 00:33:49.66716+00
0cfba586-0e10-4a0f-a270-1e41d55d28f8,1,6e727674-f76f-44c8-88ef-7859f408961f,true,40,,2026-08-28 06:27:29.23496+00
0cfcd197-b264-45ab-9869-06dbb90b0936,12,75996b9d-b793-4155-868b-449a063d2b12,true,4,,2026-08-27 04:12:22.764511+00
0d7908f0-6e06-43be-b570-adedb1f2c3d5,2,ea3cb1ea-68fe-4723-8357-d6333898c16b,true,11,,2026-08-25 23:20:14.542686+00
0d86beaf-a165-4601-8358-5be36a1ced08,2,88f00fde-c03b-40d0-8391-942129c05179,true,3,,2026-09-11 00:44:58.967154+00
0d916b2c-6fea-4411-8db3-03b3903b2fd1,1,dea5cb3f-0c5e-4fab-a0c3-f743f4ecc299,true,31,,2026-09-05 00:30:53.458448+00
0d982701-557b-48a4-ad72-3c58f6176703,12,a02ccc98-25c3-4172-b022-a0e1a2a0370e,true,6,,2026-09-09 00:57:47.450621+00
0dcb6c40-36ef-4bf5-822d-db96b0f7ffae,12,cdde90d3-c7f2-484b-9d50-d359b362c86c,true,6,,2026-08-28 06:31:35.554076+00
0deee862-61cd-428d-884b-53e86086dcfb,12,a02ccc98-25c3-4172-b022-a0e1a2a0370e,true,6,,2026-09-06 00:27:34.818125+00
0df1547a-bcea-436a-87c0-901219287025,1,5c1d9ed6-c403-444e-aea4-876ac23e534a,true,18,,2026-09-09 00:56:33.269519+00
0e2ca6f3-7b43-4d34-9549-ee1b5269a576,12,80234ad7-9552-466e-8a3a-24d9970c57d8,true,10,,2026-09-05 00:31:50.597836+00
0e4aca9b-ce32-49a9-a4cf-2f1afddb3734,1,a02ccc98-25c3-4172-b022-a0e1a2a0370e,true,15,,2026-08-27 04:13:15.453757+00
0e53f069-c0f0-4a35-a911-3fcb1cd564b3,1,dea5cb3f-0c5e-4fab-a0c3-f743f4ecc299,true,29,,2026-08-31 01:03:22.373765+00
0e5d8ed1-5c00-4523-a210-261ec50add9f,12,dea5cb3f-0c5e-4fab-a0c3-f743f4ecc299,true,7,,2026-09-02 00:43:07.537318+00
0e668645-0eec-407e-9b85-0fbcc29c892f,2,be9baa68-6a1a-445b-983e-1d28a4ba0a4f,true,49,,2026-09-02 00:41:24.899806+00
0e98a437-8986-4094-ad93-23e3c47c9b45,2,81f99d74-df4e-46d7-be77-e3ff5812f50e,false,0,,2026-09-16 01:00:04.110505+00
0eb5b4fc-c0e0-45f6-8886-0758d62e3dfe,1,8aa3c496-01a6-42d5-8cc9-c3e6261f5c4a,true,7,,2026-09-01 01:36:20.736558+00
0f137a29-006f-46d8-a816-19ba5090fc34,12,3960d038-c199-4ec9-9192-61e08cfac5be,true,4,,2026-09-12 00:54:08.095104+00
0f287d77-acbc-4778-adaa-3b76313a8bbb,2,9bf64c00-6ad2-4bbb-878a-e1bd1ed7c664,true,21,,2026-09-17 01:01:34.003287+00
0f4d6f2c-128b-42eb-9c82-7833c00e5775,2,0effda5f-f587-4e30-81b4-fdf6ea0892cf,true,3,,2026-08-25 23:19:06.499386+00
0f501d45-35a0-474d-af85-c7dcdf38d937,12,67e50f5f-8560-4cef-8285-f0a7a765a91b,true,5,,2026-08-28 06:28:40.304354+00
0fa77bdb-f4f5-4046-84de-81b21450f809,1,3960d038-c199-4ec9-9192-61e08cfac5be,true,25,,2026-09-02 00:44:50.100561+00
0fb90163-a96c-4553-a64b-356599dff54c,1,dea5cb3f-0c5e-4fab-a0c3-f743f4ecc299,true,31,,2026-09-11 00:43:58.78781+00
1021dd2f-fa88-4e23-bebd-3aec96a63a26,2,88f00fde-c03b-40d0-8391-942129c05179,true,3,,2026-09-17 01:02:16.853362+00
108f7cca-cd25-46c4-bb57-ac3f980b5e9d,1,81f99d74-df4e-46d7-be77-e3ff5812f50e,true,1,,2026-08-25 23:21:57.335598+00
10dab0d1-f19d-4b04-a57a-47036065acc3,2,2bfb9538-a407-4ddc-84e2-81274f189173,true,8,,2026-09-06 00:27:22.169342+00
10f4cbb9-abbe-4630-9b9f-9c426ca67ee8,2,6e727674-f76f-44c8-88ef-7859f408961f,true,32,,2026-09-14 00:34:09.290112+00
10f88286-9616-40d7-b82a-5464486efcca,12,8f5aa14d-c014-473b-8d44-af08fc7238fb,true,7,,2026-09-18 00:55:04.314522+00
1107e1ae-c0ca-4d22-b6e7-c935e3eef4dc,1,d3e0c4a0-51ff-4221-a50d-686df4e3a21f,true,9,,2026-08-30 00:58:48.532879+00
1152ca7f-4bb2-435d-9075-1f2dd739795b,1,ea3cb1ea-68fe-4723-8357-d6333898c16b,true,12,,2026-09-14 00:35:33.758032+00
116b6892-6598-458c-8026-d0daecd83387,12,9bf64c00-6ad2-4bbb-878a-e1bd1ed7c664,true,4,,2026-09-12 00:52:03.196547+00
117aeaff-57fd-40f8-84da-07de658c0157,12,f9d49da4-1257-4533-a246-a78b1d060d11,true,3,,2026-08-31 01:02:27.838392+00
117e69d8-1df6-4bb6-92a4-ec7a2f9a4df8,12,f9d49da4-1257-4533-a246-a78b1d060d11,true,3,,2026-08-29 03:59:43.093756+00
118511ba-d697-42fd-ac57-08bd85d0b74c,1,88f00fde-c03b-40d0-8391-942129c05179,true,3,,2026-09-02 00:43:50.246246+00
119057e3-1f12-41a6-9f34-b2da07cf22c1,2,67e50f5f-8560-4cef-8285-f0a7a765a91b,true,11,,2026-09-16 00:56:57.049264+00
123d961d-157f-4d01-a828-3d8d3acb490f,1,acbb1997-cf3a-4b9e-bb33-c361e8262a42,true,11,,2026-09-03 00:56:56.772671+00
12460b7d-992c-4bee-b757-dfb982886dcb,12,8aa3c496-01a6-42d5-8cc9-c3e6261f5c4a,true,3,,2026-09-04 00:39:13.524547+00
1256b082-8352-4f64-aed4-fa2970c83deb,2,0effda5f-f587-4e30-81b4-fdf6ea0892cf,true,3,,2026-09-13 00:31:57.590566+00
1276ae61-6680-4ac0-b38e-1fa143c119af,12,cdde90d3-c7f2-484b-9d50-d359b362c86c,true,7,,2026-09-14 00:37:10.710204+00
129a3f64-0d22-4f98-8049-b76571d0c058,2,f9d49da4-1257-4533-a246-a78b1d060d11,true,22,,2026-09-12 00:50:36.62444+00
12ec1e51-dd0d-496b-b0e5-eb839081f250,2,6e727674-f76f-44c8-88ef-7859f408961f,true,32,,2026-09-05 00:29:50.693455+00
12faa7f2-b6e7-46f7-954e-6f9ae5886843,1,ea3cb1ea-68fe-4723-8357-d6333898c16b,true,12,,2026-08-30 00:57:55.795611+00
133a7619-68fc-4273-ab97-04b4e14027c5,2,0effda5f-f587-4e30-81b4-fdf6ea0892cf,true,3,,2026-08-27 04:10:45.323658+00
134df607-107a-4354-b565-aa7c66804408,1,81f99d74-df4e-46d7-be77-e3ff5812f50e,true,1,,2026-09-11 00:46:31.519822+00
1354cfd2-2915-4fc7-9af4-44eec43105a5,1,67e50f5f-8560-4cef-8285-f0a7a765a91b,true,11,,2026-08-31 01:03:07.738298+00
136fba05-8875-4c28-9c48-ad493b952456,1,f9d49da4-1257-4533-a246-a78b1d060d11,true,21,,2026-08-27 04:10:34.134078+00
13710203-8218-4877-8eea-c7abcffa99f5,12,2bfb9538-a407-4ddc-84e2-81274f189173,true,10,,2026-09-09 00:57:34.431373+00
137a43ce-2227-417c-98e4-75b72ee207a0,2,75996b9d-b793-4155-868b-449a063d2b12,true,3,,2026-09-15 01:07:38.100612+00
139690a6-7719-41a5-8a8a-1b73045ea469,1,d3e0c4a0-51ff-4221-a50d-686df4e3a21f,true,9,,2026-08-25 23:21:00.847381+00
13a325b1-81d4-47ca-8d48-03506af51af5,2,75996b9d-b793-4155-868b-449a063d2b12,true,3,,2026-08-29 04:01:10.496984+00
13b6ad64-a988-4d29-8a3a-c9673423c273,1,81f99d74-df4e-46d7-be77-e3ff5812f50e,true,1,,2026-09-12 00:54:28.514786+00
143337ee-ee69-44fb-8870-14e8bc6bd34f,12,8aa3c496-01a6-42d5-8cc9-c3e6261f5c4a,true,3,,2026-09-09 00:57:57.141367+00
145856c9-f8e5-49ae-a4bc-b8d67f94186f,2,a02ccc98-25c3-4172-b022-a0e1a2a0370e,true,12,,2026-08-25 23:21:20.81881+00
1488894e-74a7-4025-a395-a6ef59f3ef39,12,67e50f5f-8560-4cef-8285-f0a7a765a91b,true,5,,2026-08-24 21:23:23.412508+00
1497e524-c58b-40cc-806b-92d4b231021e,1,67e50f5f-8560-4cef-8285-f0a7a765a91b,true,11,,2026-08-24 21:23:18.70973+00
14a34b7f-9e07-4dfe-a1b8-c9aebebd7abd,2,a02ccc98-25c3-4172-b022-a0e1a2a0370e,true,12,,2026-09-05 00:32:23.72079+00
14ab65b2-1954-49f1-8865-beb408e261a6,1,6e727674-f76f-44c8-88ef-7859f408961f,true,40,,2026-08-30 00:56:14.983741+00
14ad0b2c-1420-4dc5-ba69-df35e2790dd6,12,f9d49da4-1257-4533-a246-a78b1d060d11,true,3,,2026-08-24 23:16:55.006022+00
151fbaf2-61ed-473f-a626-0d0bba149503,12,2bfb9538-a407-4ddc-84e2-81274f189173,true,10,,2026-09-10 00:47:16.153793+00
15507324-e9c6-4e96-8ba9-7313f071e25b,2,6e727674-f76f-44c8-88ef-7859f408961f,true,32,,2026-08-29 03:59:29.794578+00
159b3aa9-d1ad-4942-9264-6af1bf599402,1,be9baa68-6a1a-445b-983e-1d28a4ba0a4f,true,50,,2026-09-16 00:54:46.892662+00
15d0fece-ae59-4630-b084-ed57466b8991,12,9bf64c00-6ad2-4bbb-878a-e1bd1ed7c664,true,4,,2026-09-11 00:44:21.385157+00
15fa3e68-021b-4e5e-a433-85552b3336d6,12,80234ad7-9552-466e-8a3a-24d9970c57d8,true,10,,2026-09-17 01:02:25.834755+00
1640c813-62d6-4f1f-9596-a0e3d61bb0d1,2,88f00fde-c03b-40d0-8391-942129c05179,true,3,,2026-08-24 23:18:53.652912+00
165aa382-6a23-48ed-b054-8bea6ef71b98,1,5c1d9ed6-c403-444e-aea4-876ac23e534a,true,18,,2026-09-07 00:33:09.784053+00
16658427-3a80-4f14-a287-edbcbda17817,12,88f00fde-c03b-40d0-8391-942129c05179,true,1,,2026-09-12 00:52:44.996371+00
166a4c73-b1bf-4100-a5c5-19524c895727,12,2bfb9538-a407-4ddc-84e2-81274f189173,true,10,,2026-08-31 01:05:04.444636+00
166b4e66-14f6-487d-8bec-3b187cc7e2b1,12,d3e0c4a0-51ff-4221-a50d-686df4e3a21f,true,1,,2026-08-24 23:19:22.219055+00
166c080b-1002-45fb-a677-bd2f2c9ef0f8,1,8aa3c496-01a6-42d5-8cc9-c3e6261f5c4a,true,7,,2026-09-05 00:32:31.664451+00
167d0c7d-332e-4e9e-9c2d-ddb36477969c,1,5c1d9ed6-c403-444e-aea4-876ac23e534a,true,18,,2026-09-14 00:35:43.12921+00
1693df3c-220e-4a0f-81d9-76a6b791a7b1,1,6e727674-f76f-44c8-88ef-7859f408961f,true,40,,2026-09-05 00:29:45.791236+00
16df3971-10d5-40fe-ac22-e3025770a1bf,12,cdde90d3-c7f2-484b-9d50-d359b362c86c,true,6,,2026-09-01 01:36:53.510627+00
1707878e-828c-43bf-9987-f01068cdd446,1,75996b9d-b793-4155-868b-449a063d2b12,true,3,,2026-09-17 01:02:07.917+00
170acd00-8921-429c-a449-e31ea7be242d,2,81f99d74-df4e-46d7-be77-e3ff5812f50e,false,0,,2026-09-09 00:58:34.875762+00
176d5a7f-fcf4-474c-b716-dd14f554dad1,1,5c1d9ed6-c403-444e-aea4-876ac23e534a,false,0,,2026-09-05 00:31:28.246322+00
177aaca3-81bb-4c5f-931c-4a3719ece588,2,9bf64c00-6ad2-4bbb-878a-e1bd1ed7c664,true,21,,2026-08-28 06:29:14.575947+00
17afbc56-65cb-4d44-894a-61fe05e5e94d,12,ee1d97a1-7499-48fa-9fd2-8d7e700d8b5d,true,10,,2026-08-27 04:11:10.508913+00
17dc10ce-e31e-4e89-9902-002fb4b1a5da,1,81f99d74-df4e-46d7-be77-e3ff5812f50e,true,1,,2026-08-24 23:20:34.060716+00
1801e084-6911-4914-87e4-7b05ccab5cb8,1,06eb4f0b-8e0a-4de3-92b1-aadf775c0aa4,false,0,,2026-08-24 23:20:46.927974+00
1804ccf5-dcb0-4643-a213-41b8add309c2,1,0effda5f-f587-4e30-81b4-fdf6ea0892cf,true,2,,2026-09-06 00:25:14.554615+00
180eebad-7f8c-4503-8afc-fad415e6046d,1,a02ccc98-25c3-4172-b022-a0e1a2a0370e,true,14,,2026-09-15 01:08:25.773687+00
1814c66d-55fa-4e23-8d62-9e08a768d868,12,5c1d9ed6-c403-444e-aea4-876ac23e534a,true,3,,2026-09-05 00:31:31.565275+00
184c6d8a-2368-45d6-9f34-979aa241abeb,1,ea3cb1ea-68fe-4723-8357-d6333898c16b,true,12,,2026-09-05 00:31:21.271908+00
1853aab7-a763-4581-9800-63c34efb2396,1,d3e0c4a0-51ff-4221-a50d-686df4e3a21f,true,9,,2026-09-13 00:33:47.934463+00
185ae48c-d045-46a8-8a6b-fa2fc0ffc02c,12,80234ad7-9552-466e-8a3a-24d9970c57d8,true,10,,2026-09-08 00:52:32.183095+00
185d068a-4a09-4b57-b95f-9e95de9544fc,12,6e727674-f76f-44c8-88ef-7859f408961f,true,8,,2026-09-02 00:42:03.772079+00
1898143f-0217-4f74-a620-fd1cd5afaaa9,12,be9baa68-6a1a-445b-983e-1d28a4ba0a4f,true,7,,2026-09-18 00:54:47.95061+00
18996e63-0233-4101-aacc-7618e17966a4,2,be9baa68-6a1a-445b-983e-1d28a4ba0a4f,true,49,,2026-09-08 00:49:31.912767+00
192cec05-57c4-41a8-a512-0325ac0de8cf,2,2bfb9538-a407-4ddc-84e2-81274f189173,true,8,,2026-08-29 04:01:46.878361+00
192ec48f-956c-45bb-b0a1-451296d84b31,2,06eb4f0b-8e0a-4de3-92b1-aadf775c0aa4,false,0,,2026-09-04 00:40:01.289468+00
1936bdff-b946-4c74-a865-e3b862f2dffe,1,06eb4f0b-8e0a-4de3-92b1-aadf775c0aa4,false,0,,2026-09-06 00:28:25.977871+00
19786358-ac3e-42b9-b1b5-fc931c188906,1,06eb4f0b-8e0a-4de3-92b1-aadf775c0aa4,false,0,,2026-09-04 00:40:01.101122+00
199bfb8f-6d4d-48a4-820b-21c820ddded0,12,8f5aa14d-c014-473b-8d44-af08fc7238fb,true,7,,2026-09-08 00:49:54.555217+00
19d15ded-a9cf-42dc-9c5f-18984c56d244,1,3960d038-c199-4ec9-9192-61e08cfac5be,true,26,,2026-09-18 00:58:18.749836+00
19e6492b-9cc0-457d-89fb-55fb4c06c72d,12,cdde90d3-c7f2-484b-9d50-d359b362c86c,true,7,,2026-09-15 01:09:02.553706+00
19f40936-6540-4c9d-ae19-71a868954973,1,a02ccc98-25c3-4172-b022-a0e1a2a0370e,true,15,,2026-09-02 00:44:31.07905+00
1a00d462-bdc7-4b19-9bf4-c64dbcbe4fd0,12,81f99d74-df4e-46d7-be77-e3ff5812f50e,false,0,,2026-09-08 00:53:56.273945+00
1a04a4da-852d-49aa-b849-f609e395ea9e,12,67e50f5f-8560-4cef-8285-f0a7a765a91b,true,5,,2026-09-16 00:56:58.745247+00
1a3c6c20-1170-410b-89b0-d4bf85b0ae3b,12,88f00fde-c03b-40d0-8391-942129c05179,true,1,,2026-09-06 00:26:47.604642+00
1a3cdeda-e8ef-4799-952d-ef64ebef36af,12,75996b9d-b793-4155-868b-449a063d2b12,true,4,,2026-09-10 00:46:37.776462+00
1a3f6343-71f8-4cce-92fd-b7bd151c05ae,2,a02ccc98-25c3-4172-b022-a0e1a2a0370e,true,11,,2026-09-17 01:03:11.837963+00
1a475f91-cb36-46fa-828d-6c17782e959b,1,be9baa68-6a1a-445b-983e-1d28a4ba0a4f,true,21,,2026-08-24 21:21:04.548402+00
1a58ca07-d05b-425d-a051-cb01898e56a1,1,a02ccc98-25c3-4172-b022-a0e1a2a0370e,true,15,,2026-09-03 00:57:31.3962+00
1a6c860c-ece6-4d66-b79e-1f99907f7a98,2,f9d49da4-1257-4533-a246-a78b1d060d11,true,22,,2026-09-04 00:36:14.470488+00
1a8fb891-c317-4cd1-ab62-312569b809cc,2,75996b9d-b793-4155-868b-449a063d2b12,true,3,,2026-09-18 00:57:12.609068+00
1acdde04-5116-491e-8e5e-ddf1dc365461,1,ea3cb1ea-68fe-4723-8357-d6333898c16b,true,12,,2026-08-25 23:20:12.529648+00
1b08ffeb-c420-49a7-8c02-3c24034861b7,1,fa0c2bff-89f2-4bbd-9dea-a54bc057d264,true,4,,2026-09-08 00:54:01.555691+00
1b53366f-c551-45ea-988b-10be4fa72434,1,9bf64c00-6ad2-4bbb-878a-e1bd1ed7c664,true,21,,2026-08-24 21:23:53.459998+00
1b65041b-eba3-45c8-a2d3-c44c5d394f44,2,9bf64c00-6ad2-4bbb-878a-e1bd1ed7c664,true,21,,2026-08-25 23:20:04.798447+00
1b870e83-b2be-427c-a648-8a8a44919625,1,acbb1997-cf3a-4b9e-bb33-c361e8262a42,true,11,,2026-09-15 01:07:58.445802+00
1b94c79e-55de-41d7-b770-8b250309dccc,1,ea3cb1ea-68fe-4723-8357-d6333898c16b,true,12,,2026-09-04 00:37:41.301983+00
1bbb941c-4a5c-4714-a2fa-923274515fce,12,dea5cb3f-0c5e-4fab-a0c3-f743f4ecc299,true,7,,2026-09-16 00:57:19.539748+00
1bcbdf58-5ea6-454c-bea2-f79c473038ea,12,acbb1997-cf3a-4b9e-bb33-c361e8262a42,true,4,,2026-09-06 00:27:02.973995+00
1be61c2b-acd7-48d8-880d-981ad8579fd5,12,9bf64c00-6ad2-4bbb-878a-e1bd1ed7c664,true,4,,2026-09-13 00:32:55.227431+00
1c117e24-4698-4689-b952-0012a9244dc2,2,75996b9d-b793-4155-868b-449a063d2b12,true,3,,2026-09-17 01:02:08.777712+00
1cadd225-f9fb-4038-a7fa-ed1b64453b79,2,0effda5f-f587-4e30-81b4-fdf6ea0892cf,true,3,,2026-08-28 06:28:00.092414+00
1cd4717f-7988-42f7-b3a2-fb6c095598ab,12,8aa3c496-01a6-42d5-8cc9-c3e6261f5c4a,true,3,,2026-08-27 04:13:29.74097+00
1cf5aea4-a351-4260-abf8-554513c277fe,2,8f5aa14d-c014-473b-8d44-af08fc7238fb,true,37,,2026-08-28 06:27:11.694274+00
1d04d7c8-38c6-4a9d-8329-45abc8e43d15,2,6e727674-f76f-44c8-88ef-7859f408961f,true,32,,2026-09-06 00:24:54.947644+00
1d193e25-81d5-4334-b2a3-5fadb8d13915,2,5c1d9ed6-c403-444e-aea4-876ac23e534a,true,18,,2026-09-01 01:35:06.832962+00
1d1aa5c5-da4b-43d7-a64b-1aad13c8804d,2,cdde90d3-c7f2-484b-9d50-d359b362c86c,true,17,,2026-09-18 00:58:32.223657+00
1d1f5387-2cb7-4c63-b39a-07ca8cc0e1a3,1,ea3cb1ea-68fe-4723-8357-d6333898c16b,true,12,,2026-09-11 00:44:30.231765+00
1d2bdb5d-16da-4dce-b56b-b2a25daec129,1,a02ccc98-25c3-4172-b022-a0e1a2a0370e,true,14,,2026-09-09 00:57:42.57956+00
1d3b01b6-69ba-443a-adac-805b5e085101,12,be9baa68-6a1a-445b-983e-1d28a4ba0a4f,true,7,,2026-08-25 23:18:09.458685+00
1d3b49b7-aa0e-4181-a7ac-62581fd2efb8,1,acbb1997-cf3a-4b9e-bb33-c361e8262a42,true,11,,2026-08-25 23:20:52.42162+00
1d652b5a-58fa-4927-a622-a9bb8a3bfa23,12,be9baa68-6a1a-445b-983e-1d28a4ba0a4f,true,7,,2026-09-08 00:49:34.582575+00
1d9a3085-a004-47fa-81d7-82420f5adb18,2,5c1d9ed6-c403-444e-aea4-876ac23e534a,true,18,,2026-09-15 01:07:31.936921+00
1da5ccb3-adb5-4f39-84f5-96d4c5989191,2,f9d49da4-1257-4533-a246-a78b1d060d11,true,22,,2026-09-03 00:54:28.203901+00
1daf93d7-c46d-4cf8-858f-d8e474c02813,12,a02ccc98-25c3-4172-b022-a0e1a2a0370e,true,6,,2026-09-10 00:47:26.762662+00
1dbefc34-5dd3-4d37-a1d4-fe5e032a7458,2,dea5cb3f-0c5e-4fab-a0c3-f743f4ecc299,true,33,,2026-09-17 01:01:19.092041+00
1dc18430-0b73-41bc-9083-2e0290f2af35,12,acbb1997-cf3a-4b9e-bb33-c361e8262a42,true,4,,2026-08-30 00:58:42.004628+00
1e183b63-376c-4ee8-bb84-1db9f15f5f42,12,80234ad7-9552-466e-8a3a-24d9970c57d8,true,10,,2026-08-24 23:19:01.87638+00
1e5a6c72-06d4-4b7e-838a-e807d3fa4d1d,12,75996b9d-b793-4155-868b-449a063d2b12,true,4,,2026-08-31 01:04:19.30474+00
1e8e667e-7641-43cc-8f79-f1bcc035f2ba,1,ee1d97a1-7499-48fa-9fd2-8d7e700d8b5d,true,45,,2026-09-14 00:34:39.202511+00
1e971236-939f-4398-9403-43b6d7a55742,12,fa0c2bff-89f2-4bbd-9dea-a54bc057d264,true,2,,2026-09-01 01:37:05.962653+00
1ea5373e-0edb-45a1-8eae-d565ca33cfd8,1,6e727674-f76f-44c8-88ef-7859f408961f,true,40,,2026-09-03 00:54:01.734399+00
1eaa325a-2931-4611-897d-baf2ccebd85c,12,ea3cb1ea-68fe-4723-8357-d6333898c16b,true,5,,2026-08-30 00:57:59.317488+00
1ecbe6ef-72ce-4a97-969a-518bf51d6c75,2,acbb1997-cf3a-4b9e-bb33-c361e8262a42,true,10,,2026-09-15 01:08:00.220904+00
1f000044-20f2-480a-8ea7-65e52e47f084,1,8aa3c496-01a6-42d5-8cc9-c3e6261f5c4a,true,7,,2026-09-13 00:34:15.147498+00
1f515640-b03a-48fe-891d-b933f43793f2,12,06eb4f0b-8e0a-4de3-92b1-aadf775c0aa4,false,0,,2026-08-30 01:00:11.997199+00
1f65b060-7168-465b-8a4f-f983ae9f88ca,1,acbb1997-cf3a-4b9e-bb33-c361e8262a42,true,11,,2026-09-02 00:44:04.573939+00
1f9421d3-5a80-4c7b-9ebc-afeea30ffee6,2,acbb1997-cf3a-4b9e-bb33-c361e8262a42,true,10,,2026-09-07 00:33:41.912942+00
1f9f84f5-0c10-4997-80b3-b2c258ca4399,2,88f00fde-c03b-40d0-8391-942129c05179,true,3,,2026-09-15 01:07:44.398282+00
1fa993b4-3821-47bf-8a85-61d9cc1946aa,12,67e50f5f-8560-4cef-8285-f0a7a765a91b,true,5,,2026-08-25 23:19:36.443855+00
1fb582b8-8fb8-4c4b-87e7-2d62db37311d,1,ee1d97a1-7499-48fa-9fd2-8d7e700d8b5d,true,45,,2026-09-12 00:51:00.749208+00
1fdf6234-ee7f-4289-b77c-86bd9382672f,2,5c1d9ed6-c403-444e-aea4-876ac23e534a,true,18,,2026-09-11 00:44:45.732714+00
2011353a-85db-417c-8b06-98bb6c0c1a5b,1,cdde90d3-c7f2-484b-9d50-d359b362c86c,true,17,,2026-08-29 04:02:25.193518+00
201653e1-af54-409e-921e-f61e111a0118,1,fa0c2bff-89f2-4bbd-9dea-a54bc057d264,true,4,,2026-08-31 01:06:08.309539+00
20234d32-c100-4904-a642-40acffc02e8e,12,0effda5f-f587-4e30-81b4-fdf6ea0892cf,true,2,,2026-08-29 03:59:48.293775+00
205121ed-7717-4209-9147-38bcad70ec18,2,5c1d9ed6-c403-444e-aea4-876ac23e534a,true,18,,2026-09-09 00:56:37.215469+00
2053ddab-2431-4da9-80ff-fd55bc318004,1,ea3cb1ea-68fe-4723-8357-d6333898c16b,true,12,,2026-09-16 00:57:45.63766+00
208cb9a6-8880-4c08-9eef-1fdd3660d029,12,cdde90d3-c7f2-484b-9d50-d359b362c86c,true,7,,2026-09-03 00:58:18.936026+00
20a3919a-21aa-43ce-a78d-f7e95a1d16f8,2,be9baa68-6a1a-445b-983e-1d28a4ba0a4f,true,49,,2026-09-07 00:30:50.190456+00
20bf8b02-8ecc-4b7f-afbc-9e53d49cb7e0,12,8f5aa14d-c014-473b-8d44-af08fc7238fb,true,7,,2026-09-09 00:54:03.362639+00
20f0a4d8-adf5-4979-9d9f-58d87105cfab,12,81f99d74-df4e-46d7-be77-e3ff5812f50e,false,0,,2026-09-16 01:00:04.32581+00
2101f4cb-51be-4891-b7db-1dfb1580df5e,1,88f00fde-c03b-40d0-8391-942129c05179,true,3,,2026-09-11 00:44:58.271963+00
2119f922-4686-48bc-a905-950d9751f018,1,06eb4f0b-8e0a-4de3-92b1-aadf775c0aa4,false,0,,2026-09-15 01:09:20.012297+00
211e7aee-1eb6-439b-8570-36b8055e8ade,12,9bf64c00-6ad2-4bbb-878a-e1bd1ed7c664,true,4,,2026-09-08 00:51:46.194492+00
21252113-3205-4ffa-b8a8-22cf7eb79c9e,2,fa0c2bff-89f2-4bbd-9dea-a54bc057d264,true,4,,2026-08-24 23:20:40.676757+00
212996b6-36e3-42d3-a237-81ac4e3097ff,12,80234ad7-9552-466e-8a3a-24d9970c57d8,true,10,,2026-09-13 00:33:33.603116+00
212d1946-56fe-453a-b3ee-ade72a01eec3,2,5c1d9ed6-c403-444e-aea4-876ac23e534a,true,18,,2026-08-30 00:58:10.50332+00
21453976-0aad-4e2d-a855-a15f07659f56,1,cdde90d3-c7f2-484b-9d50-d359b362c86c,true,17,,2026-09-14 00:37:06.330926+00
2151049f-231c-4b0e-83da-fcb7bf1747b5,12,88f00fde-c03b-40d0-8391-942129c05179,true,1,,2026-08-28 06:29:56.028285+00
21890c65-bd7d-476b-8a62-9300a5f5dd68,12,06eb4f0b-8e0a-4de3-92b1-aadf775c0aa4,false,0,,2026-08-25 23:22:09.210875+00
21c962a6-4202-4a2a-aa70-11d200de4e89,1,75996b9d-b793-4155-868b-449a063d2b12,true,3,,2026-08-25 23:20:31.166759+00
21ddbd55-e451-425e-875f-d65037e4a3cc,12,ea3cb1ea-68fe-4723-8357-d6333898c16b,true,5,,2026-09-08 00:51:59.606621+00
21febea9-7f1b-4e9e-9bac-f2667d91d6c2,12,cdde90d3-c7f2-484b-9d50-d359b362c86c,true,7,,2026-09-17 01:03:57.68672+00
2205e3e4-712d-484f-9940-b34946ba199a,2,fa0c2bff-89f2-4bbd-9dea-a54bc057d264,true,4,,2026-09-13 00:34:50.486663+00
220d94e9-9ecb-4e3b-afbc-451bd0e36767,2,dea5cb3f-0c5e-4fab-a0c3-f743f4ecc299,true,33,,2026-09-04 00:37:16.868805+00
2258b7a9-5a40-4add-897e-ee865f33d72f,2,dea5cb3f-0c5e-4fab-a0c3-f743f4ecc299,true,33,,2026-09-16 00:57:17.778034+00
22610fca-dfce-4005-a685-0cdbd4f243c9,12,fa0c2bff-89f2-4bbd-9dea-a54bc057d264,true,2,,2026-09-14 00:37:22.249364+00
2268bb7f-57f9-406d-9d28-36835f84d8f6,2,f9d49da4-1257-4533-a246-a78b1d060d11,true,22,,2026-09-14 00:34:22.364048+00
22ec6066-11e4-4929-9c83-7bc814e3fa7f,12,67e50f5f-8560-4cef-8285-f0a7a765a91b,true,5,,2026-08-31 01:03:11.816172+00
233cf0c4-9feb-4691-a9df-bf55aee2587a,1,8f5aa14d-c014-473b-8d44-af08fc7238fb,true,37,,2026-09-08 00:49:45.877465+00
2365d6c2-988f-4b2d-b985-fb473b7bd76a,12,5c1d9ed6-c403-444e-aea4-876ac23e534a,true,3,,2026-09-16 00:58:03.507661+00
2375b754-63d1-4af9-85d3-aa141f28cf72,12,8aa3c496-01a6-42d5-8cc9-c3e6261f5c4a,true,3,,2026-09-07 00:34:17.967396+00
238951a1-31c3-4c02-b84a-860a163f0b64,2,88f00fde-c03b-40d0-8391-942129c05179,true,3,,2026-08-28 06:29:55.535198+00
2396b32e-56a2-49ef-a3e0-3746dfcbcd17,1,8f5aa14d-c014-473b-8d44-af08fc7238fb,true,37,,2026-09-18 00:54:57.616422+00
23ba91d6-2f86-4008-88d1-9c3e3a79766f,2,d3e0c4a0-51ff-4221-a50d-686df4e3a21f,true,9,,2026-09-11 00:45:26.386355+00
23c204a4-4fbe-4129-b498-5a63d76edd64,1,be9baa68-6a1a-445b-983e-1d28a4ba0a4f,true,50,,2026-09-13 00:30:55.964491+00
23d09e3b-d6f0-4c79-b9aa-4b0025b15b91,2,8f5aa14d-c014-473b-8d44-af08fc7238fb,true,37,,2026-09-14 00:33:50.508994+00
24113575-bc5b-442c-b331-ba31ef7a6ebb,12,f9d49da4-1257-4533-a246-a78b1d060d11,true,3,,2026-09-14 00:34:22.90564+00
241deb80-ec31-4cff-8f1f-2f53e0e73837,2,80234ad7-9552-466e-8a3a-24d9970c57d8,true,1,,2026-09-04 00:38:18.569814+00
249a31ea-85ed-4240-b799-58c96a07f125,2,dea5cb3f-0c5e-4fab-a0c3-f743f4ecc299,true,33,,2026-09-18 00:56:28.736439+00
24c7e8e6-4e54-4b1a-8268-1d5d55d8b2b8,2,2bfb9538-a407-4ddc-84e2-81274f189173,true,8,,2026-08-30 00:58:58.900591+00
24f4ed66-c3b8-4503-8e98-8946fd3336ef,12,06eb4f0b-8e0a-4de3-92b1-aadf775c0aa4,false,0,,2026-08-28 06:31:53.005151+00
2504203b-3baf-4ddc-934b-86261c52b5a3,2,6e727674-f76f-44c8-88ef-7859f408961f,true,32,,2026-09-08 00:50:14.789157+00
252660df-9f2e-4ce3-953b-22c3977df3d1,1,a02ccc98-25c3-4172-b022-a0e1a2a0370e,true,14,,2026-09-10 00:47:22.982639+00
258f530c-38f1-400f-a974-d37fdce4ef76,12,9bf64c00-6ad2-4bbb-878a-e1bd1ed7c664,true,4,,2026-08-30 00:57:48.529009+00
2595e38b-cc25-4b9c-b8b3-2db16b28e902,2,88f00fde-c03b-40d0-8391-942129c05179,true,3,,2026-08-30 00:58:24.021455+00
25985fa0-4649-4b12-921c-b9eee721024a,1,3960d038-c199-4ec9-9192-61e08cfac5be,true,26,,2026-09-14 00:36:54.845171+00
25f66f04-6584-4bc1-95aa-adac7468a943,12,75996b9d-b793-4155-868b-449a063d2b12,true,4,,2026-09-05 00:31:38.541898+00
25f7f694-9fcc-4685-ad6d-370e5c5a29b0,12,06eb4f0b-8e0a-4de3-92b1-aadf775c0aa4,false,0,,2026-09-01 01:37:11.004537+00
264b6bdd-07c0-454f-89db-fbc58219fb4e,2,67e50f5f-8560-4cef-8285-f0a7a765a91b,true,11,,2026-08-24 23:17:39.499957+00
265ba91e-67dd-4a37-ad59-4548412f6373,2,80234ad7-9552-466e-8a3a-24d9970c57d8,true,1,,2026-08-24 21:24:46.853017+00
26b53c86-9dd0-41d4-98ad-42547548364d,12,88f00fde-c03b-40d0-8391-942129c05179,true,1,,2026-09-14 00:35:58.202729+00
26bd3405-577d-40c5-ac50-cf18b2fed5a0,12,be9baa68-6a1a-445b-983e-1d28a4ba0a4f,true,7,,2026-09-05 00:29:17.986315+00
2700e92d-b99b-4bd3-998b-490a939eb88a,2,80234ad7-9552-466e-8a3a-24d9970c57d8,true,1,,2026-09-01 01:35:27.024277+00
270f8eb9-d40c-4aaf-82ee-c9987aad1641,1,be9baa68-6a1a-445b-983e-1d28a4ba0a4f,true,50,,2026-09-17 00:58:39.717411+00
27106567-082c-40ae-8cb8-46748a50419f,1,9bf64c00-6ad2-4bbb-878a-e1bd1ed7c664,true,20,,2026-08-31 01:03:40.088218+00
27408295-b13f-4b6d-93bc-46947bca2f2c,1,3960d038-c199-4ec9-9192-61e08cfac5be,true,26,,2026-09-13 00:34:24.748647+00
2752adb8-8d96-4314-9c25-33768f2f616c,1,8f5aa14d-c014-473b-8d44-af08fc7238fb,true,37,,2026-09-16 00:55:16.977617+00
27709765-160d-43cd-95a0-ace0fa98a576,2,ea3cb1ea-68fe-4723-8357-d6333898c16b,true,11,,2026-09-15 01:07:20.665448+00
27d297f4-de88-4c00-877f-db5a1136fdb4,12,06eb4f0b-8e0a-4de3-92b1-aadf775c0aa4,false,0,,2026-09-05 00:33:18.090891+00
27e84503-6969-406b-879c-0793deca504a,1,3960d038-c199-4ec9-9192-61e08cfac5be,true,25,,2026-08-30 00:59:32.213557+00
280c613c-0df4-43f1-b642-b1679ce03016,2,fa0c2bff-89f2-4bbd-9dea-a54bc057d264,true,4,,2026-09-01 01:37:05.345529+00
28234953-ae99-467f-ae0e-3a9d9d1a1934,1,81f99d74-df4e-46d7-be77-e3ff5812f50e,true,1,,2026-09-01 01:36:58.332026+00
28259950-d084-4dec-8586-908be0e957b7,1,ea3cb1ea-68fe-4723-8357-d6333898c16b,true,12,,2026-09-08 00:51:56.257605+00
28313f80-2e2c-443f-ab5e-f6e190304d35,2,fa0c2bff-89f2-4bbd-9dea-a54bc057d264,true,4,,2026-09-09 00:58:43.001381+00
283f6cfd-d07f-42f1-bcd5-04656e29c1a2,2,dea5cb3f-0c5e-4fab-a0c3-f743f4ecc299,true,33,,2026-09-13 00:32:42.131897+00
28431735-d15c-4c5f-a4b2-cff709c206bb,12,0effda5f-f587-4e30-81b4-fdf6ea0892cf,true,2,,2026-09-04 00:36:23.042115+00
2880b5e4-a05c-4e9b-a69c-1c206b113360,2,75996b9d-b793-4155-868b-449a063d2b12,true,3,,2026-09-01 01:35:13.841106+00
28a03eee-ce1b-4de9-a9e3-f63c8564f232,1,acbb1997-cf3a-4b9e-bb33-c361e8262a42,true,10,,2026-09-09 00:57:10.583525+00
28b656b4-7067-429c-a23d-61f1ce468b04,12,ee1d97a1-7499-48fa-9fd2-8d7e700d8b5d,true,10,,2026-09-11 00:43:38.162763+00
28b954aa-2498-4523-9379-49d0e9875768,2,0effda5f-f587-4e30-81b4-fdf6ea0892cf,true,3,,2026-09-03 00:54:35.172443+00
28bdc010-2a5e-4919-b3be-db9e51bec89d,12,be9baa68-6a1a-445b-983e-1d28a4ba0a4f,true,7,,2026-09-11 00:42:09.657013+00
28de0a16-fd58-449b-8822-25bc6b8aa082,1,ee1d97a1-7499-48fa-9fd2-8d7e700d8b5d,true,40,,2026-09-09 00:55:05.082979+00
291863d0-5a9d-43aa-bcaf-f6f4dc98153d,2,75996b9d-b793-4155-868b-449a063d2b12,true,3,,2026-09-03 00:56:30.905256+00
296f4627-5ae7-4363-9d7f-46883d2c091b,1,88f00fde-c03b-40d0-8391-942129c05179,true,3,,2026-09-14 00:35:57.388909+00
29ad2a71-94c2-4fcd-8154-4ce56b5effb8,1,6e727674-f76f-44c8-88ef-7859f408961f,true,40,,2026-09-18 00:55:16.140089+00
29d2da0a-cb08-4094-ad56-3e7cb40f44fa,1,d3e0c4a0-51ff-4221-a50d-686df4e3a21f,true,9,,2026-09-14 00:36:19.927636+00
29fbed8a-fe2b-4776-a97a-dad7124b0310,1,a02ccc98-25c3-4172-b022-a0e1a2a0370e,true,15,,2026-08-31 01:05:12.289449+00
2a0886ee-48e8-4a26-875a-020c4a5f9d2a,1,cdde90d3-c7f2-484b-9d50-d359b362c86c,true,17,,2026-08-25 23:21:49.227316+00
2a09dbba-2d54-435f-aa3d-2ac40c1508d8,2,67e50f5f-8560-4cef-8285-f0a7a765a91b,true,11,,2026-09-05 00:30:43.561095+00
2a73e5f9-3200-4601-8e6d-a5b69b4ae008,2,ee1d97a1-7499-48fa-9fd2-8d7e700d8b5d,true,50,,2026-09-08 00:51:00.52633+00
2a8c694b-a004-4cfd-956b-e0dd0ee8cd2c,2,acbb1997-cf3a-4b9e-bb33-c361e8262a42,true,10,,2026-09-11 00:45:17.249839+00
2adc7b86-58ad-49fa-a12f-0bb97ad353dc,12,fa0c2bff-89f2-4bbd-9dea-a54bc057d264,true,2,,2026-09-15 01:09:16.027631+00
2af948f1-00b7-46d9-abfc-5433a9f2d280,2,67e50f5f-8560-4cef-8285-f0a7a765a91b,true,11,,2026-08-31 01:03:10.082716+00
2b20478b-34f6-4062-a44e-12ea07267fb3,2,6e727674-f76f-44c8-88ef-7859f408961f,true,32,,2026-08-31 01:02:09.750073+00
2b420643-12c8-4952-b99e-54200842a35a,12,0effda5f-f587-4e30-81b4-fdf6ea0892cf,true,2,,2026-09-18 00:55:40.100542+00
2b62dd59-035a-400d-912c-95c5368d7e80,12,88f00fde-c03b-40d0-8391-942129c05179,true,1,,2026-09-01 01:35:21.684918+00
2b9f966f-058b-4c07-ad27-3dbb6c97275e,2,88f00fde-c03b-40d0-8391-942129c05179,true,3,,2026-09-01 01:35:21.269897+00
2ba9dc41-c9af-45d8-acd0-1c6bb36e745a,12,acbb1997-cf3a-4b9e-bb33-c361e8262a42,true,4,,2026-08-29 04:01:32.201012+00
2bb6560c-7c5e-4911-a93a-dd5847668d91,1,8f5aa14d-c014-473b-8d44-af08fc7238fb,true,37,,2026-08-28 06:27:03.804954+00
2bc53874-80b1-4431-a3a7-b5cc3006efc9,2,0effda5f-f587-4e30-81b4-fdf6ea0892cf,true,3,,2026-09-04 00:36:22.453103+00
2bea5644-d915-4bba-bd35-5d203fe03b27,2,5c1d9ed6-c403-444e-aea4-876ac23e534a,true,18,,2026-09-07 00:33:12.71161+00
2bf0b6ab-2470-4a68-b178-bbb83616d1d3,1,fa0c2bff-89f2-4bbd-9dea-a54bc057d264,true,4,,2026-09-06 00:28:18.008762+00
2c3ca996-850e-49f6-917b-41ba37ef72e1,12,6e727674-f76f-44c8-88ef-7859f408961f,true,8,,2026-08-29 03:59:31.482121+00
2c55fede-0053-4a35-b3bd-81f640220e54,1,2bfb9538-a407-4ddc-84e2-81274f189173,true,8,,2026-09-05 00:32:11.518179+00
2cbffeb2-4bf9-4ecd-922e-51f4b6ef1559,1,be9baa68-6a1a-445b-983e-1d28a4ba0a4f,true,50,,2026-09-04 00:35:02.607401+00
2ccd825d-5f5d-46f9-8392-b28ccbb96f66,12,a02ccc98-25c3-4172-b022-a0e1a2a0370e,true,6,,2026-08-31 01:05:17.406334+00
2ce6f922-cdb2-437d-be65-e189c63a189e,1,fa0c2bff-89f2-4bbd-9dea-a54bc057d264,true,4,,2026-09-03 00:58:30.170389+00
2d01275f-ce23-49a2-bb3d-7a905c4c8dfa,12,be9baa68-6a1a-445b-983e-1d28a4ba0a4f,true,7,,2026-09-03 00:53:18.191851+00
2d0c2e21-f022-47b1-b372-b850910c6944,12,67e50f5f-8560-4cef-8285-f0a7a765a91b,true,5,,2026-09-06 00:25:46.294893+00
2d194527-3111-4b25-9ccf-fb6859e0a39f,12,fa0c2bff-89f2-4bbd-9dea-a54bc057d264,true,2,,2026-09-16 01:00:12.792538+00
2d21a3d2-d99d-4e1a-9f26-b5bd59ed6a3c,2,be9baa68-6a1a-445b-983e-1d28a4ba0a4f,true,50,,2026-08-25 23:18:07.324821+00
2d281685-e8a3-4f36-8b1d-045975981a61,1,06eb4f0b-8e0a-4de3-92b1-aadf775c0aa4,false,0,,2026-08-31 01:06:14.502086+00
2d3813e3-59bf-4230-87bf-ed03a42a0820,1,8aa3c496-01a6-42d5-8cc9-c3e6261f5c4a,true,7,,2026-08-31 01:05:24.832114+00
2d428856-8cef-448e-826e-1ad253b36bb8,12,81f99d74-df4e-46d7-be77-e3ff5812f50e,false,0,,2026-09-12 00:54:28.966793+00
2d4d67b4-f934-4b77-ac57-9f74cfe720a0,12,2bfb9538-a407-4ddc-84e2-81274f189173,true,10,,2026-09-02 00:44:24.166+00
2d5fba1b-8639-479a-b0d9-e5a31c20a3ed,1,0effda5f-f587-4e30-81b4-fdf6ea0892cf,true,2,,2026-08-25 23:19:05.900775+00
2d675bb1-f1d2-48da-a47e-c85ce8968874,1,06eb4f0b-8e0a-4de3-92b1-aadf775c0aa4,false,0,,2026-09-08 00:54:07.278516+00
2d6adfe8-f376-4593-9820-e8d72fcd9a61,1,0effda5f-f587-4e30-81b4-fdf6ea0892cf,true,2,,2026-09-12 00:50:42.894965+00
2d8f6a67-fdf1-4af1-87e0-501c70430cf4,2,a02ccc98-25c3-4172-b022-a0e1a2a0370e,true,12,,2026-08-28 06:30:49.391949+00
2db85610-98ff-4811-a3bb-3fe3230d839a,12,3960d038-c199-4ec9-9192-61e08cfac5be,true,4,,2026-08-29 04:02:18.366681+00
2dde2f57-3ef9-46ee-8e64-ccd5b98c96aa,1,ee1d97a1-7499-48fa-9fd2-8d7e700d8b5d,true,44,,2026-08-27 04:10:58.791311+00
2e1090dd-1823-486b-a244-c5ad6eeda1af,12,5c1d9ed6-c403-444e-aea4-876ac23e534a,true,3,,2026-09-15 01:07:32.566164+00
2e26a971-115c-4ca2-a685-c577ba179b47,12,6e727674-f76f-44c8-88ef-7859f408961f,true,8,,2026-09-07 00:31:32.081697+00
2e59a049-dfa0-43b6-b117-7b9e3cc2474a,2,ea3cb1ea-68fe-4723-8357-d6333898c16b,true,11,,2026-09-08 00:51:58.376449+00
2ea40d26-0443-44fa-9ff5-0b0eeb4dc756,2,81f99d74-df4e-46d7-be77-e3ff5812f50e,false,0,,2026-09-06 00:28:12.017296+00
2f2ab341-2602-49e4-be4a-057630e47a81,12,80234ad7-9552-466e-8a3a-24d9970c57d8,true,10,,2026-09-02 00:43:58.774253+00
2f3dd112-7d78-405c-a756-19e84ad88428,12,88f00fde-c03b-40d0-8391-942129c05179,true,1,,2026-09-13 00:33:27.403519+00
2f549dd6-3266-4fdd-b56b-4890a1256177,1,ea3cb1ea-68fe-4723-8357-d6333898c16b,true,12,,2026-09-18 00:56:50.013143+00
2f69bff9-873e-4f03-b9d6-8195f97a9548,2,be9baa68-6a1a-445b-983e-1d28a4ba0a4f,true,49,,2026-09-17 00:58:51.586925+00
2f844074-e835-4695-bf6d-90a08b3d359e,2,fa0c2bff-89f2-4bbd-9dea-a54bc057d264,true,4,,2026-09-10 00:48:10.259484+00
2fa0918f-e9d2-4daa-be26-73ff0750c8cc,2,06eb4f0b-8e0a-4de3-92b1-aadf775c0aa4,false,0,,2026-09-17 01:04:18.720163+00
2fbf5da5-7bd2-4dd0-adfa-e7ba98b7888f,1,dea5cb3f-0c5e-4fab-a0c3-f743f4ecc299,true,31,,2026-09-10 00:45:48.420787+00
2fc21f0a-1972-43e3-914e-afcd0d554977,2,67e50f5f-8560-4cef-8285-f0a7a765a91b,true,11,,2026-08-27 04:11:18.801603+00
2fcaaec6-f20e-4085-8aca-e1631a8b5765,12,3960d038-c199-4ec9-9192-61e08cfac5be,true,4,,2026-08-31 01:05:42.807912+00
2fd002d3-19b4-43df-96b9-3e881b54a343,2,acbb1997-cf3a-4b9e-bb33-c361e8262a42,true,10,,2026-08-31 01:04:43.753023+00
2ffc2053-1202-4711-80ab-a8c8821ccdc3,12,6e727674-f76f-44c8-88ef-7859f408961f,true,8,,2026-09-12 00:50:21.602439+00
30513a99-8367-453b-92f5-1cd107b89d6d,12,cdde90d3-c7f2-484b-9d50-d359b362c86c,true,7,,2026-09-16 00:59:58.78938+00
3061c3e6-ce79-440b-9a89-1ac96f239f04,2,67e50f5f-8560-4cef-8285-f0a7a765a91b,true,11,,2026-09-12 00:51:24.930337+00
306e396c-35a2-4ece-97dd-b5dac8b5a93f,1,75996b9d-b793-4155-868b-449a063d2b12,true,3,,2026-08-30 00:58:16.368798+00
30909c77-935e-4bbb-b7a3-c8b98994cf60,12,8aa3c496-01a6-42d5-8cc9-c3e6261f5c4a,true,3,,2026-09-01 01:36:23.179457+00
30afad49-fd04-4489-8363-542969f1e408,1,6e727674-f76f-44c8-88ef-7859f408961f,true,20,,2026-09-07 00:31:23.423472+00
30e39d39-5b4d-4427-a6f2-e73adc30e07d,1,0effda5f-f587-4e30-81b4-fdf6ea0892cf,true,2,,2026-09-08 00:50:35.948124+00
30ee2e7d-d1d2-4968-8bba-8db1b55e869c,1,fa0c2bff-89f2-4bbd-9dea-a54bc057d264,true,4,,2026-09-04 00:39:55.26458+00
3140f0f6-ec03-4824-b619-45ca0cb877da,12,f9d49da4-1257-4533-a246-a78b1d060d11,true,3,,2026-08-25 23:19:01.513551+00
3169cbb6-87ff-49e3-a252-7dbd49236d15,1,75996b9d-b793-4155-868b-449a063d2b12,true,3,,2026-09-11 00:44:51.53973+00
31ad5eb3-7a5d-4163-9cb9-a59bf9341b22,2,8f5aa14d-c014-473b-8d44-af08fc7238fb,true,37,,2026-08-27 04:10:01.070259+00
31df10da-326d-467b-baa7-31040619fb05,12,be9baa68-6a1a-445b-983e-1d28a4ba0a4f,true,7,,2026-09-13 00:31:08.537365+00
321ce659-cad5-474c-b1ad-f85e8288d3cb,2,88f00fde-c03b-40d0-8391-942129c05179,true,3,,2026-09-10 00:46:42.965669+00
323864ec-9e8a-4537-ac12-5dd5da4d2948,2,acbb1997-cf3a-4b9e-bb33-c361e8262a42,true,10,,2026-09-08 00:52:41.019599+00
328cb939-1351-4f40-96d0-ee9690d7aa83,2,5c1d9ed6-c403-444e-aea4-876ac23e534a,true,18,,2026-09-17 01:02:01.611743+00
32c744f1-7d60-4980-88bf-3c9d0f882f36,2,ee1d97a1-7499-48fa-9fd2-8d7e700d8b5d,true,50,,2026-09-06 00:25:35.246815+00
32e5e36f-3d84-4e4d-a68f-b58084a9ed59,12,6e727674-f76f-44c8-88ef-7859f408961f,true,8,,2026-09-05 00:29:52.362021+00
33023e0e-1422-4df4-8a85-7b2180722dc2,2,3960d038-c199-4ec9-9192-61e08cfac5be,true,26,,2026-09-04 00:39:29.382543+00
3381fd81-1cd8-4a11-80c4-0fd22ca39c96,1,ee1d97a1-7499-48fa-9fd2-8d7e700d8b5d,true,45,,2026-09-01 01:33:43.983003+00
33bfe8b7-c0ed-46c9-b46a-df475b5ccd25,2,81f99d74-df4e-46d7-be77-e3ff5812f50e,false,0,,2026-08-25 23:21:57.474707+00
33d6aa20-9f26-4d37-a140-e4e5902b92cc,2,cdde90d3-c7f2-484b-9d50-d359b362c86c,true,17,,2026-09-08 00:53:49.313503+00
3443e1ba-3be7-46e4-8657-768d3fbb9ac0,1,d3e0c4a0-51ff-4221-a50d-686df4e3a21f,true,9,,2026-09-10 00:47:05.083788+00
3485c569-9dc8-4b0e-9859-d06469ba1893,1,88f00fde-c03b-40d0-8391-942129c05179,true,3,,2026-09-16 00:58:18.696855+00
34bd0a57-686a-4c9f-a12e-51e975bd18b5,12,acbb1997-cf3a-4b9e-bb33-c361e8262a42,true,4,,2026-09-14 00:36:13.877663+00
35179f7f-226b-47c8-b572-b579bc191fea,1,cdde90d3-c7f2-484b-9d50-d359b362c86c,true,17,,2026-09-08 00:53:45.971535+00
353d9c5a-af5c-41e5-aee5-cd10f0ee8496,1,67e50f5f-8560-4cef-8285-f0a7a765a91b,true,11,,2026-08-28 06:28:36.170893+00
35442f41-d684-4936-9802-147d1bbce7b7,12,88f00fde-c03b-40d0-8391-942129c05179,true,1,,2026-08-29 04:01:17.545869+00
35c8fedb-7d87-47bf-ad91-7ab8d9011a08,12,dea5cb3f-0c5e-4fab-a0c3-f743f4ecc299,true,7,,2026-09-01 01:34:27.520521+00
3653e68c-26d7-476b-946a-e5492678239b,2,8f5aa14d-c014-473b-8d44-af08fc7238fb,true,37,,2026-09-05 00:29:32.903614+00
36738c5a-1ae5-4d96-83b0-bd76e9ac9b0a,1,9bf64c00-6ad2-4bbb-878a-e1bd1ed7c664,true,21,,2026-09-08 00:51:41.063076+00
36918b7a-25a7-4468-b39b-09f7a658d020,12,8aa3c496-01a6-42d5-8cc9-c3e6261f5c4a,true,3,,2026-08-24 21:25:49.568154+00
36a4b9d6-1af5-4193-b470-8aa6768b6499,2,ee1d97a1-7499-48fa-9fd2-8d7e700d8b5d,true,50,,2026-08-31 01:02:58.243735+00
36c9a31a-3a08-4059-aea5-88475b1d0076,12,2bfb9538-a407-4ddc-84e2-81274f189173,true,10,,2026-09-14 00:36:30.331158+00
36d54da8-583f-4cd5-a756-ea1476163403,2,a02ccc98-25c3-4172-b022-a0e1a2a0370e,true,12,,2026-09-01 01:36:11.921754+00
370cd451-e020-4d38-bdb1-e9ec0bdfdb96,2,9bf64c00-6ad2-4bbb-878a-e1bd1ed7c664,true,21,,2026-09-18 00:56:42.498269+00
3719219e-827b-4d85-a89f-19d610c25e2f,12,80234ad7-9552-466e-8a3a-24d9970c57d8,true,10,,2026-09-01 01:35:29.848172+00
37438d53-8f18-44af-836c-2cc196790ba1,1,be9baa68-6a1a-445b-983e-1d28a4ba0a4f,true,50,,2026-09-05 00:29:07.67875+00
3743c7d8-a31d-490f-b523-5c5499e28ece,1,2bfb9538-a407-4ddc-84e2-81274f189173,true,8,,2026-08-29 04:01:45.614804+00
374a4859-cda4-4093-b6f1-f0f41d4c9b4a,12,2bfb9538-a407-4ddc-84e2-81274f189173,true,10,,2026-09-05 00:32:14.691212+00
378dc04d-9bed-424b-bc83-b43f3a10a166,1,ee1d97a1-7499-48fa-9fd2-8d7e700d8b5d,true,45,,2026-09-02 00:42:33.365074+00
37a569ff-2f43-4dca-846a-c6d458b2dcb9,1,88f00fde-c03b-40d0-8391-942129c05179,true,3,,2026-09-09 00:56:53.551287+00
37e57995-6846-4bc3-96e7-97bc933a0135,2,ea3cb1ea-68fe-4723-8357-d6333898c16b,true,11,,2026-09-12 00:52:13.694498+00
37e7c6e6-85ce-419d-9320-64a45654f148,2,cdde90d3-c7f2-484b-9d50-d359b362c86c,true,17,,2026-09-13 00:34:38.652363+00
37f3023a-3cc6-4005-89fe-df2984f62e49,2,be9baa68-6a1a-445b-983e-1d28a4ba0a4f,true,49,,2026-08-29 03:58:55.228471+00
3803d34d-2a69-4dc5-a213-f8c2127f8d5f,12,be9baa68-6a1a-445b-983e-1d28a4ba0a4f,true,7,,2026-08-24 23:15:51.573804+00
380abbd9-c655-4cd3-a346-d69ef357000b,2,80234ad7-9552-466e-8a3a-24d9970c57d8,true,1,,2026-09-03 00:56:45.671341+00
38118b65-1a87-43ba-90a7-ca8189406e8c,12,75996b9d-b793-4155-868b-449a063d2b12,true,4,,2026-09-02 00:43:45.716761+00
382d3c59-e13c-4933-877a-ad3f75c392c6,1,acbb1997-cf3a-4b9e-bb33-c361e8262a42,true,11,,2026-09-11 00:45:15.136798+00
384734e5-fd8e-49f6-b562-c25bcd417146,2,81f99d74-df4e-46d7-be77-e3ff5812f50e,false,0,,2026-09-17 01:04:02.817379+00
384eecb2-9b15-43fa-8c27-c3f37eedf017,1,81f99d74-df4e-46d7-be77-e3ff5812f50e,true,1,,2026-09-04 00:39:48.734564+00
385d9360-94d5-4196-9f25-4877ce889405,12,5c1d9ed6-c403-444e-aea4-876ac23e534a,true,3,,2026-09-13 00:33:15.578729+00
3862bd02-76dc-4cd2-984b-ce99990ccfaa,1,a02ccc98-25c3-4172-b022-a0e1a2a0370e,true,15,,2026-09-07 00:34:06.973827+00
38e73d7c-6ee3-4655-a84e-eb57188fdd0c,2,3960d038-c199-4ec9-9192-61e08cfac5be,true,26,,2026-09-14 00:36:58.491784+00
39d069fe-41b7-47a5-a5ba-bae3013a6024,2,fa0c2bff-89f2-4bbd-9dea-a54bc057d264,true,4,,2026-09-07 00:34:56.009087+00
39f345cd-8815-45b5-9e06-b4b324ce77cb,2,88f00fde-c03b-40d0-8391-942129c05179,true,3,,2026-09-04 00:38:12.891119+00
3a298782-83e1-48fe-80b1-1c57675826b0,12,8f5aa14d-c014-473b-8d44-af08fc7238fb,true,7,,2026-09-14 00:33:51.85222+00
3a3b77d4-bdd8-4611-9054-1e46627c31e9,1,5c1d9ed6-c403-444e-aea4-876ac23e534a,true,18,,2026-08-28 06:29:36.245336+00
3a4753ed-3d82-4f56-9dbf-8df68e2f0173,1,3960d038-c199-4ec9-9192-61e08cfac5be,true,26,,2026-09-08 00:53:30.542415+00
3a4878fa-beb4-4500-afc7-754aa0210dc6,2,dea5cb3f-0c5e-4fab-a0c3-f743f4ecc299,true,32,,2026-08-31 01:03:28.897473+00
3a8cf50a-3a7e-4624-8fc0-9ca6a7fc9bf7,12,acbb1997-cf3a-4b9e-bb33-c361e8262a42,true,4,,2026-09-12 00:53:05.232569+00
3ac123c3-db8d-487f-bcd0-eda8b20190f6,2,ee1d97a1-7499-48fa-9fd2-8d7e700d8b5d,true,50,,2026-08-25 23:19:25.598241+00
3acd2988-60ea-4c59-9f91-122900b52538,2,8f5aa14d-c014-473b-8d44-af08fc7238fb,true,37,,2026-09-07 00:31:09.034632+00
3adbdd50-a1c9-40c4-b7db-00b1cdffa73c,1,ee1d97a1-7499-48fa-9fd2-8d7e700d8b5d,true,44,,2026-08-24 21:22:55.936031+00
3b17a475-dc53-4dba-a34a-e17fb2917f18,1,80234ad7-9552-466e-8a3a-24d9970c57d8,true,1,,2026-09-10 00:46:47.719281+00
3b29ce95-1910-4312-9f21-f0673b34108d,2,2bfb9538-a407-4ddc-84e2-81274f189173,true,8,,2026-09-01 01:35:57.951033+00
3b3a20d8-89fb-4871-83ef-d9a35f5457ce,2,75996b9d-b793-4155-868b-449a063d2b12,true,3,,2026-09-09 00:56:46.774006+00
3b3fb230-7bd5-45fe-b0ed-616d49634475,1,75996b9d-b793-4155-868b-449a063d2b12,true,3,,2026-09-06 00:26:39.924982+00
3b58b843-ac81-4990-b073-4131f566802c,12,3960d038-c199-4ec9-9192-61e08cfac5be,true,4,,2026-08-24 23:20:14.894019+00
3b5c0770-ef81-47f3-93a2-9040f10a39aa,2,d3e0c4a0-51ff-4221-a50d-686df4e3a21f,true,9,,2026-08-28 06:30:25.195798+00
3b70788e-859f-4e41-9cc9-858f5e7ea6c9,2,8f5aa14d-c014-473b-8d44-af08fc7238fb,true,37,,2026-09-13 00:31:24.140503+00
3b77f2f9-b1e9-4143-9279-9a6138991371,2,8f5aa14d-c014-473b-8d44-af08fc7238fb,true,37,,2026-09-09 00:54:01.236197+00
3b98f8c8-feac-4ad1-9a8f-6341d70e873a,12,8aa3c496-01a6-42d5-8cc9-c3e6261f5c4a,true,3,,2026-09-12 00:53:50.713262+00
3b9be9b9-a5c7-4dfb-8362-f3cfd7d99d83,2,80234ad7-9552-466e-8a3a-24d9970c57d8,true,1,,2026-08-29 04:01:22.095457+00
3bdaea04-892f-4606-b85a-ae8c29c34e69,12,06eb4f0b-8e0a-4de3-92b1-aadf775c0aa4,false,0,,2026-08-24 23:20:47.406067+00
3be0bd95-3157-440f-8169-7b5ede8075ab,2,fa0c2bff-89f2-4bbd-9dea-a54bc057d264,true,4,,2026-09-11 00:46:38.151025+00
3bf13fea-5224-4446-826c-47d7465979af,1,3960d038-c199-4ec9-9192-61e08cfac5be,true,23,,2026-09-09 00:58:07.296245+00
3bf21d9e-6c80-4afe-bd09-568729b70127,2,2bfb9538-a407-4ddc-84e2-81274f189173,true,8,,2026-09-10 00:47:13.941575+00
3c310ec0-2114-43b6-8cd1-4d6f71364bb6,12,a02ccc98-25c3-4172-b022-a0e1a2a0370e,true,6,,2026-09-16 00:59:16.151685+00
3c65769d-b2c0-428f-b190-bbecc4fe09d1,1,8aa3c496-01a6-42d5-8cc9-c3e6261f5c4a,true,7,,2026-09-11 00:45:54.49243+00
3c7015d4-8cb0-4ab7-a3fd-add036b327f1,12,06eb4f0b-8e0a-4de3-92b1-aadf775c0aa4,false,0,,2026-09-12 00:54:41.215054+00
3c96eb8d-5f93-433e-8921-f6dca29c87a7,2,ee1d97a1-7499-48fa-9fd2-8d7e700d8b5d,true,50,,2026-09-04 00:36:47.268888+00
3d3a286a-b0e3-4dcb-8a53-6eb4dec7a1bf,12,d3e0c4a0-51ff-4221-a50d-686df4e3a21f,true,1,,2026-08-31 01:04:53.63674+00
3d5a1638-7c0f-4a5f-a5c6-17ad9d153dab,12,5c1d9ed6-c403-444e-aea4-876ac23e534a,true,3,,2026-09-09 00:56:38.051254+00
3d71e9e3-bbef-490a-9d2b-b6601d94c5bd,12,0effda5f-f587-4e30-81b4-fdf6ea0892cf,true,2,,2026-09-12 00:50:44.391091+00
3d9b01a4-026e-4fec-8f9e-036908bda3da,12,be9baa68-6a1a-445b-983e-1d28a4ba0a4f,true,7,,2026-09-15 01:05:15.031967+00
3d9d2b0b-5724-4517-817e-ac1436e5b920,12,67e50f5f-8560-4cef-8285-f0a7a765a91b,true,5,,2026-09-10 00:45:38.742272+00
3dd1837b-425e-4edf-ac4c-45acd339cf09,2,ee1d97a1-7499-48fa-9fd2-8d7e700d8b5d,true,50,,2026-09-10 00:45:25.926997+00
3dd8418b-4d5a-445f-9fdc-d6856e22ff9c,12,acbb1997-cf3a-4b9e-bb33-c361e8262a42,true,4,,2026-09-03 00:57:00.287614+00
3dd9fa2f-85b6-457c-b29a-65ddc7074e41,1,acbb1997-cf3a-4b9e-bb33-c361e8262a42,true,11,,2026-09-17 01:02:32.880151+00
3de341bd-2585-42e8-8609-f30efb1e732c,1,8f5aa14d-c014-473b-8d44-af08fc7238fb,true,34,,2026-09-09 00:53:53.176389+00
3df8cb26-4f5a-4cfc-8de5-0266dafa7024,2,d3e0c4a0-51ff-4221-a50d-686df4e3a21f,true,9,,2026-09-16 00:58:48.389888+00
3e0c0963-3afc-4378-a6e8-79f70cd9b6d6,2,f9d49da4-1257-4533-a246-a78b1d060d11,true,22,,2026-08-28 06:27:53.44797+00
3ea9fd77-be70-43da-88f2-71f8848129e3,1,81f99d74-df4e-46d7-be77-e3ff5812f50e,true,1,,2026-08-27 04:14:02.620252+00
3eab1a02-32c2-4acc-b4d8-34bad43615e9,1,ea3cb1ea-68fe-4723-8357-d6333898c16b,true,12,,2026-09-09 00:56:21.071875+00
3ec65399-407b-4607-a651-a220a4c80082,12,67e50f5f-8560-4cef-8285-f0a7a765a91b,true,5,,2026-08-30 00:57:17.652119+00
3f03b14c-7cce-4c57-bcd3-4b71f30e7ac5,2,81f99d74-df4e-46d7-be77-e3ff5812f50e,false,0,,2026-09-08 00:53:56.080682+00
3f5bc5c7-561f-40df-9e72-39a1f1ee4b30,1,a02ccc98-25c3-4172-b022-a0e1a2a0370e,true,15,,2026-08-25 23:21:18.929989+00
3f7ceab4-b8ce-4f27-bafc-54330b70f2c4,1,81f99d74-df4e-46d7-be77-e3ff5812f50e,true,1,,2026-09-13 00:34:44.397178+00
3faa46f7-c821-4ed4-b202-b537f4d704e8,12,3960d038-c199-4ec9-9192-61e08cfac5be,true,4,,2026-09-15 01:08:50.37364+00
3fd2ac34-3d01-42fe-b218-a7135f4431b7,1,2bfb9538-a407-4ddc-84e2-81274f189173,true,8,,2026-08-24 21:25:18.353514+00
4017786a-f5fe-4f8a-81e5-8e13ca27e7dc,12,81f99d74-df4e-46d7-be77-e3ff5812f50e,false,0,,2026-08-24 21:26:27.258223+00
4023c485-7b8f-4b84-853a-b969f074eaf6,1,f9d49da4-1257-4533-a246-a78b1d060d11,true,21,,2026-08-31 01:02:22.19161+00
4047aea6-5e1d-459f-b956-9a69073a9bc7,12,dea5cb3f-0c5e-4fab-a0c3-f743f4ecc299,true,7,,2026-09-07 00:32:41.826204+00
4052bb5a-a8da-4805-9213-089af99c3b3e,2,6e727674-f76f-44c8-88ef-7859f408961f,true,32,,2026-08-30 00:56:20.928431+00
4053b937-329d-4eb7-8805-9c23e31ddeaf,1,ee1d97a1-7499-48fa-9fd2-8d7e700d8b5d,true,45,,2026-09-07 00:32:07.45044+00
4096a801-eabc-4a84-b234-55192b625c2d,2,ea3cb1ea-68fe-4723-8357-d6333898c16b,true,11,,2026-09-10 00:46:17.249123+00
40a4432a-411d-415c-817b-6f89384bc1ee,12,8aa3c496-01a6-42d5-8cc9-c3e6261f5c4a,true,3,,2026-09-17 01:03:23.644744+00
40c9b8eb-5593-43f1-b907-35b4420d34fc,2,75996b9d-b793-4155-868b-449a063d2b12,true,3,,2026-08-24 23:18:46.197791+00
40e7c949-32ba-415a-8b44-ea4ac19fe709,2,d3e0c4a0-51ff-4221-a50d-686df4e3a21f,true,9,,2026-09-07 00:33:50.488701+00
4105f67e-9ea8-41e0-bd38-7b68b91d8f70,2,80234ad7-9552-466e-8a3a-24d9970c57d8,true,1,,2026-09-18 00:57:23.675926+00
41151873-0900-410a-9d48-5863b078de31,1,8aa3c496-01a6-42d5-8cc9-c3e6261f5c4a,true,7,,2026-09-17 01:03:20.959151+00
414decce-002f-427d-a61b-fc3034a48d81,2,06eb4f0b-8e0a-4de3-92b1-aadf775c0aa4,false,0,,2026-09-08 00:54:07.480994+00
4152cf4d-ecaf-4514-bcea-376390bd4bf8,2,3960d038-c199-4ec9-9192-61e08cfac5be,true,26,,2026-08-29 04:02:17.66614+00
4169f6e1-7b05-47ad-9037-92df1b144816,12,a02ccc98-25c3-4172-b022-a0e1a2a0370e,true,6,,2026-08-27 04:13:19.875466+00
4175b1c1-39d4-4306-b1bc-20d2aab5662a,1,acbb1997-cf3a-4b9e-bb33-c361e8262a42,true,11,,2026-09-10 00:46:56.258316+00
417cbae3-e93b-4ff6-aa2f-e856d300ff74,1,ea3cb1ea-68fe-4723-8357-d6333898c16b,true,12,,2026-08-24 21:24:08.487599+00
41bfefb3-51d1-4b32-ae05-882321e98145,2,3960d038-c199-4ec9-9192-61e08cfac5be,true,26,,2026-09-03 00:58:02.019281+00
4201ff14-0471-4f0b-b470-901a0bf28a4a,1,8aa3c496-01a6-42d5-8cc9-c3e6261f5c4a,true,7,,2026-09-15 01:08:35.014773+00
420df798-0433-4dd9-8062-e9f186eb8669,12,d3e0c4a0-51ff-4221-a50d-686df4e3a21f,true,1,,2026-08-25 23:21:02.702773+00
4239cce4-97a4-4fab-8e35-989e20485142,1,cdde90d3-c7f2-484b-9d50-d359b362c86c,true,17,,2026-09-01 01:36:47.883744+00
423b54eb-17b0-4ddf-865a-d3a8096275fd,2,9bf64c00-6ad2-4bbb-878a-e1bd1ed7c664,true,21,,2026-08-24 21:23:58.041708+00
42803932-89ee-4034-a45e-986f9fd4d7b4,2,81f99d74-df4e-46d7-be77-e3ff5812f50e,false,0,,2026-08-30 00:59:59.998888+00
4287bd8a-42c7-470d-897f-6631d2f1e5f7,12,6e727674-f76f-44c8-88ef-7859f408961f,true,7,,2026-08-24 23:16:40.112986+00
42a59115-4fb3-48b0-908e-4d0fd43b20a7,12,5c1d9ed6-c403-444e-aea4-876ac23e534a,true,3,,2026-09-02 00:43:39.352908+00
42c8a412-ce14-489e-8f82-8ab04d38b892,1,f9d49da4-1257-4533-a246-a78b1d060d11,true,21,,2026-08-28 06:27:48.614667+00
42fa0697-0131-490f-8ae0-168ba5234990,2,ea3cb1ea-68fe-4723-8357-d6333898c16b,true,11,,2026-08-31 01:03:58.049903+00
430511bb-c732-4867-913a-267d20450b47,2,80234ad7-9552-466e-8a3a-24d9970c57d8,true,1,,2026-09-11 00:45:04.85573+00
431da6ca-f44c-4de4-b9e5-dc35699b4190,2,d3e0c4a0-51ff-4221-a50d-686df4e3a21f,true,9,,2026-09-08 00:52:50.100107+00
432cfee0-a47b-482f-8757-80fcfebd9aff,12,75996b9d-b793-4155-868b-449a063d2b12,true,4,,2026-08-29 04:01:11.482391+00
433b8392-75a0-4bd6-a492-dc00930bba75,2,8f5aa14d-c014-473b-8d44-af08fc7238fb,true,37,,2026-08-30 00:55:59.386526+00
437ad5c0-3234-4f57-af6c-00528e8091fe,1,a02ccc98-25c3-4172-b022-a0e1a2a0370e,true,15,,2026-09-04 00:38:59.589407+00
43932ea5-663f-412b-90a3-b29e4eb0ee45,1,2bfb9538-a407-4ddc-84e2-81274f189173,true,8,,2026-09-02 00:44:20.630962+00
439d48cb-2bcc-44d2-b438-2035d967bb53,2,dea5cb3f-0c5e-4fab-a0c3-f743f4ecc299,true,32,,2026-08-27 04:11:36.075996+00
43c99775-e064-4d6a-8ac0-b78766677771,2,ee1d97a1-7499-48fa-9fd2-8d7e700d8b5d,true,50,,2026-08-24 21:23:07.189849+00
43cf9255-da6a-488f-bf6c-a31e6dae303c,12,6e727674-f76f-44c8-88ef-7859f408961f,true,8,,2026-09-01 01:33:04.889617+00
449f1378-9db8-469c-867e-22201251acd0,12,06eb4f0b-8e0a-4de3-92b1-aadf775c0aa4,false,0,,2026-09-10 00:48:15.188235+00
44d4fbf7-a553-45fa-a624-cc8662e93bec,12,be9baa68-6a1a-445b-983e-1d28a4ba0a4f,true,7,,2026-09-04 00:35:15.342922+00
44feb870-64ac-4d72-bf54-b9052008265f,2,2bfb9538-a407-4ddc-84e2-81274f189173,true,8,,2026-09-16 00:58:58.37556+00
45313be8-1d5d-4092-bef7-3d1b084182db,2,ea3cb1ea-68fe-4723-8357-d6333898c16b,true,11,,2026-08-24 23:18:27.03092+00
4531f090-2507-46d4-9fa0-e9a916f31a0a,1,5c1d9ed6-c403-444e-aea4-876ac23e534a,true,18,,2026-09-17 01:01:57.189128+00
4593bf1b-a711-4f23-aa87-4ff82eadbdf0,2,6e727674-f76f-44c8-88ef-7859f408961f,true,32,,2026-09-17 00:59:42.105468+00
45c93d87-0e55-4227-8c68-5977b197f6b2,1,fa0c2bff-89f2-4bbd-9dea-a54bc057d264,true,4,,2026-08-29 04:02:38.524877+00
45e0fc69-2af7-4716-ab89-3e1de187817e,2,acbb1997-cf3a-4b9e-bb33-c361e8262a42,true,10,,2026-08-27 04:12:46.925002+00
45e2962b-86e4-4f04-9eae-f2b786da5e89,1,8f5aa14d-c014-473b-8d44-af08fc7238fb,true,37,,2026-09-03 00:53:34.312232+00
460bbabf-eae0-4b83-8916-5f12111cd75f,1,f9d49da4-1257-4533-a246-a78b1d060d11,true,20,,2026-09-13 00:31:48.347464+00
4627cf32-32ad-4aa5-a386-74a2669dd709,2,8aa3c496-01a6-42d5-8cc9-c3e6261f5c4a,true,7,,2026-09-03 00:57:44.85811+00
4664b897-76b6-4516-8f57-222eea456f9d,2,a02ccc98-25c3-4172-b022-a0e1a2a0370e,true,12,,2026-08-24 21:25:36.542808+00
467b918e-2ca3-4c87-8ee7-b884f513ca4a,2,8f5aa14d-c014-473b-8d44-af08fc7238fb,true,37,,2026-09-03 00:53:42.987314+00
46811777-058c-46f5-9328-701869295754,1,88f00fde-c03b-40d0-8391-942129c05179,true,3,,2026-09-18 00:57:18.271667+00
46c4a2c9-4f23-499d-90b7-54181965c28d,1,80234ad7-9552-466e-8a3a-24d9970c57d8,true,1,,2026-08-28 06:30:01.377421+00
46cb167c-38a2-4f2a-aa73-a7a1423721b0,2,06eb4f0b-8e0a-4de3-92b1-aadf775c0aa4,false,0,,2026-08-30 01:00:11.813884+00
46da518b-4b8a-4624-868a-18252ccfbe90,1,fa0c2bff-89f2-4bbd-9dea-a54bc057d264,true,4,,2026-09-14 00:37:21.106666+00
46e10986-59f9-401d-a8f4-b5e818b00765,1,ee1d97a1-7499-48fa-9fd2-8d7e700d8b5d,true,45,,2026-09-13 00:32:10.607362+00
46ee9837-6198-4a37-ad8d-a698b685b9c3,2,67e50f5f-8560-4cef-8285-f0a7a765a91b,true,11,,2026-08-29 04:00:18.211607+00
4741a037-4ab4-4854-a623-68c899f00625,1,a02ccc98-25c3-4172-b022-a0e1a2a0370e,true,14,,2026-09-11 00:45:44.502169+00
474202a0-0b0b-4507-b160-49f8d9af0d02,1,d3e0c4a0-51ff-4221-a50d-686df4e3a21f,true,9,,2026-08-31 01:04:51.189729+00
47424ae5-306d-48fc-a3ad-2183fe962c26,2,a02ccc98-25c3-4172-b022-a0e1a2a0370e,true,11,,2026-09-11 00:45:46.748582+00
475b70cf-c3c2-4378-889f-696b6ccacede,2,be9baa68-6a1a-445b-983e-1d28a4ba0a4f,true,49,,2026-09-18 00:54:46.138404+00
4812de3d-5a01-4225-8883-c256e9bdf3e7,12,8f5aa14d-c014-473b-8d44-af08fc7238fb,true,7,,2026-09-02 00:41:44.919295+00
4816f6fb-8848-42f1-9453-5d54174542dc,2,5c1d9ed6-c403-444e-aea4-876ac23e534a,true,18,,2026-09-03 00:56:23.719987+00
48182d6f-a85a-4120-96d6-bed8536b5b8b,12,6e727674-f76f-44c8-88ef-7859f408961f,true,8,,2026-09-13 00:31:40.733065+00
48392602-c0e6-4bdd-94e0-5e4e0b057b7f,12,0effda5f-f587-4e30-81b4-fdf6ea0892cf,true,2,,2026-08-28 06:28:00.71778+00
4850e21b-e60e-4835-910a-81494ad5b230,1,80234ad7-9552-466e-8a3a-24d9970c57d8,true,1,,2026-09-13 00:33:31.566343+00
4867e63a-bc2f-4121-bd84-ed7fc5e5185b,12,67e50f5f-8560-4cef-8285-f0a7a765a91b,true,5,,2026-09-11 00:43:48.966475+00
4868d4ca-8c37-4662-8bd5-3e9a9c6c0cba,1,2bfb9538-a407-4ddc-84e2-81274f189173,true,8,,2026-09-03 00:57:17.92858+00
48828f78-6d63-4a97-a0ac-ddfc0c30f71d,1,88f00fde-c03b-40d0-8391-942129c05179,true,3,,2026-09-01 01:35:20.457629+00
48977197-4199-432b-affd-3effc72df5d0,1,9bf64c00-6ad2-4bbb-878a-e1bd1ed7c664,true,21,,2026-09-16 00:57:29.478821+00
489af19f-6f65-4dc6-85a0-641f30c6c693,2,3960d038-c199-4ec9-9192-61e08cfac5be,true,26,,2026-09-01 01:36:38.723755+00
48ad8dd5-f426-4529-8a95-696268003444,2,6e727674-f76f-44c8-88ef-7859f408961f,true,32,,2026-09-10 00:44:42.964832+00
48c6e14a-d587-4966-97cd-3ceb346a6a72,12,67e50f5f-8560-4cef-8285-f0a7a765a91b,true,5,,2026-09-15 01:06:40.941392+00
4917bc31-89a7-4b87-8e4c-95aafdeae59a,1,f9d49da4-1257-4533-a246-a78b1d060d11,true,21,,2026-08-29 03:59:39.325372+00
4969da5e-2c36-4ce4-a398-6551fac09136,2,2bfb9538-a407-4ddc-84e2-81274f189173,true,8,,2026-09-17 01:02:55.442851+00
496e5045-0530-454c-8576-4ba0ca5f80ca,1,8f5aa14d-c014-473b-8d44-af08fc7238fb,true,36,,2026-08-24 21:21:37.527029+00
496f4976-686b-43c6-bfbe-2ad614bbac87,12,a02ccc98-25c3-4172-b022-a0e1a2a0370e,true,6,,2026-08-25 23:21:22.618454+00
499021db-b40e-4345-8004-d508efc61a42,12,5c1d9ed6-c403-444e-aea4-876ac23e534a,true,3,,2026-09-06 00:26:35.005103+00
499f06b8-d1f1-4e00-ab6c-28b34190590d,2,9bf64c00-6ad2-4bbb-878a-e1bd1ed7c664,true,21,,2026-08-24 23:18:14.540895+00
49b2cfb8-1504-494a-a204-19aef9a1f1f9,1,f9d49da4-1257-4533-a246-a78b1d060d11,true,21,,2026-09-06 00:25:04.649996+00
49c4bfcf-b40b-436d-8a4a-125d985b20a5,2,cdde90d3-c7f2-484b-9d50-d359b362c86c,true,17,,2026-09-01 01:36:51.648899+00
49c964e7-1426-4952-b396-9a5e93056ab9,2,2bfb9538-a407-4ddc-84e2-81274f189173,true,8,,2026-09-14 00:36:28.447982+00
49d98a7b-6c6c-429c-95c0-d4369a102f15,2,75996b9d-b793-4155-868b-449a063d2b12,true,3,,2026-09-10 00:46:36.404616+00
49e71aaf-4663-4b0f-ae35-fd68f088f140,12,75996b9d-b793-4155-868b-449a063d2b12,true,4,,2026-09-17 01:02:10.255701+00
49e76703-d2b8-4e91-85f1-789a980ba4b3,1,80234ad7-9552-466e-8a3a-24d9970c57d8,true,1,,2026-09-05 00:31:48.370654+00
4a152b56-bf36-41fc-85be-fd2c2797bd6b,1,06eb4f0b-8e0a-4de3-92b1-aadf775c0aa4,false,0,,2026-08-25 23:22:08.888093+00
4a36df29-9c5f-4758-b6df-62a087e02652,2,6e727674-f76f-44c8-88ef-7859f408961f,true,32,,2026-08-28 06:27:36.132382+00
4a3d6244-78c1-4ee5-888a-4c3afeb7251a,2,67e50f5f-8560-4cef-8285-f0a7a765a91b,true,11,,2026-09-02 00:42:51.26636+00
4a89c4b3-d36a-486d-9dbf-7312f1d6f748,2,81f99d74-df4e-46d7-be77-e3ff5812f50e,false,0,,2026-09-02 00:45:17.264244+00
4aaecf41-ddf0-40a8-a623-37e2265e43b3,12,d3e0c4a0-51ff-4221-a50d-686df4e3a21f,true,1,,2026-09-18 00:57:44.026324+00
4ac4e810-641c-4fca-8645-00de1d4a6448,1,be9baa68-6a1a-445b-983e-1d28a4ba0a4f,true,50,,2026-08-24 23:15:38.432969+00
4b0e7016-e25f-45fe-a0d7-d63eb327d95c,12,2bfb9538-a407-4ddc-84e2-81274f189173,true,10,,2026-09-16 00:59:01.218229+00
4b2a67e1-594b-4e98-8042-8353aadbd7eb,12,06eb4f0b-8e0a-4de3-92b1-aadf775c0aa4,false,0,,2026-09-17 01:04:18.940394+00
4b374904-bf35-4942-b13e-bcde73247a7b,2,75996b9d-b793-4155-868b-449a063d2b12,true,3,,2026-09-13 00:33:20.938938+00
4b4b99ab-4298-4c87-9bc7-4fde04ccc08e,2,81f99d74-df4e-46d7-be77-e3ff5812f50e,false,0,,2026-08-28 06:31:40.516027+00
4b52dec9-02c2-443e-bea0-e1ac8482359b,2,0effda5f-f587-4e30-81b4-fdf6ea0892cf,true,3,,2026-09-15 01:06:10.214493+00
4b71190d-a801-4193-b76e-50de1e0747d1,1,cdde90d3-c7f2-484b-9d50-d359b362c86c,true,17,,2026-09-04 00:39:38.695405+00
4b846f19-a9d1-482a-8049-cb48adf33702,2,dea5cb3f-0c5e-4fab-a0c3-f743f4ecc299,true,33,,2026-09-08 00:51:30.379349+00
4bd38501-6069-4fd7-919b-4fe1e8864aad,2,2bfb9538-a407-4ddc-84e2-81274f189173,true,8,,2026-08-24 21:25:20.242131+00
4bf6a3cd-3897-4d16-8b10-83b12b8ca318,2,2bfb9538-a407-4ddc-84e2-81274f189173,true,8,,2026-08-28 06:30:34.646979+00
4c064367-7cf8-47fc-b11d-a5167f80847d,1,88f00fde-c03b-40d0-8391-942129c05179,true,3,,2026-08-30 00:58:23.299678+00
4c38ccb5-f3f2-4896-8bfd-2e275da8cc86,2,81f99d74-df4e-46d7-be77-e3ff5812f50e,false,0,,2026-09-05 00:33:07.235472+00
4c6b360d-6403-4bee-beeb-cfbe3eeb9780,12,8aa3c496-01a6-42d5-8cc9-c3e6261f5c4a,true,3,,2026-09-18 00:58:10.589269+00
4cc81ac0-7756-4ca3-91e3-1f3e354e5361,1,d3e0c4a0-51ff-4221-a50d-686df4e3a21f,true,9,,2026-08-29 04:01:37.877887+00
4d21b149-a17d-4f37-b552-578c896cce57,2,acbb1997-cf3a-4b9e-bb33-c361e8262a42,true,10,,2026-09-04 00:38:30.72402+00
4d47d00e-9a75-40b7-8861-6a862dd8fb82,12,8f5aa14d-c014-473b-8d44-af08fc7238fb,true,7,,2026-09-12 00:49:54.674968+00
4d92d649-9cfe-4698-8f5a-ff91c7531715,12,75996b9d-b793-4155-868b-449a063d2b12,true,4,,2026-09-11 00:44:53.615952+00
4e08c61b-0597-4fa6-ad2a-ae6eeb25afdb,12,0effda5f-f587-4e30-81b4-fdf6ea0892cf,true,2,,2026-09-08 00:50:37.533924+00
4e61f269-706b-4191-8bba-a694f4dc338b,12,3960d038-c199-4ec9-9192-61e08cfac5be,true,4,,2026-09-08 00:53:36.336238+00
4e96a489-25bf-4363-8ea4-f8acbd8169ab,12,fa0c2bff-89f2-4bbd-9dea-a54bc057d264,true,2,,2026-09-07 00:34:56.447967+00
4ecbf3c6-52f0-43cb-acf9-9039530e9ca8,1,75996b9d-b793-4155-868b-449a063d2b12,true,3,,2026-09-07 00:33:18.044145+00
4ece526c-064c-4604-b2d4-0b7fc3419b89,1,5c1d9ed6-c403-444e-aea4-876ac23e534a,true,18,,2026-09-08 00:52:07.21885+00
4ed9a182-d8cb-4935-8e95-013186563660,1,d3e0c4a0-51ff-4221-a50d-686df4e3a21f,true,8,,2026-09-05 00:32:03.863193+00
4f015240-ca72-4a48-a832-990bf86fda0e,2,fa0c2bff-89f2-4bbd-9dea-a54bc057d264,true,4,,2026-08-29 04:02:39.235402+00
4f49eabd-dc20-4005-9147-26683d4486f8,12,ea3cb1ea-68fe-4723-8357-d6333898c16b,true,5,,2026-09-13 00:33:05.319022+00
4f4d99f9-6426-4583-8623-795c638d0292,2,3960d038-c199-4ec9-9192-61e08cfac5be,true,26,,2026-09-12 00:54:06.997871+00
4f8282e4-64a4-43e0-8a4a-44049e33b712,1,ee1d97a1-7499-48fa-9fd2-8d7e700d8b5d,true,45,,2026-09-18 00:55:51.249194+00
4f8c56b2-7c4d-4eef-a390-7c850d9cbe79,12,81f99d74-df4e-46d7-be77-e3ff5812f50e,false,0,,2026-09-09 00:58:35.084339+00
4f9b560b-e84e-4ef6-a154-781e19bc4886,2,06eb4f0b-8e0a-4de3-92b1-aadf775c0aa4,false,0,,2026-08-31 01:06:14.737401+00
4fa40dbf-d8a0-4116-a454-2edaec7f6acd,1,dea5cb3f-0c5e-4fab-a0c3-f743f4ecc299,true,29,,2026-09-09 00:55:47.110457+00
4fa6c42d-c106-4e84-b2ce-f5199c612065,2,8aa3c496-01a6-42d5-8cc9-c3e6261f5c4a,true,7,,2026-09-13 00:34:16.20783+00
4ff3d17d-f595-4a2e-9dfe-bc71b326bb52,1,06eb4f0b-8e0a-4de3-92b1-aadf775c0aa4,false,0,,2026-09-13 00:34:55.014593+00
4ff904c0-7d99-48d5-ba95-95a03050a3a4,1,0effda5f-f587-4e30-81b4-fdf6ea0892cf,true,2,,2026-09-02 00:42:20.626701+00
50001998-97ea-4564-9bbb-6d169b19782e,1,75996b9d-b793-4155-868b-449a063d2b12,true,3,,2026-09-01 01:35:13.026319+00
5000da91-9c23-415f-87bd-23fd04da7f24,12,ee1d97a1-7499-48fa-9fd2-8d7e700d8b5d,true,10,,2026-09-01 01:33:57.228752+00
504b6ab5-2f61-4e9c-b77a-911e10abdccd,1,5c1d9ed6-c403-444e-aea4-876ac23e534a,true,18,,2026-08-31 01:04:07.229113+00
504de11c-edac-455b-8c8b-c6b87289dddf,12,81f99d74-df4e-46d7-be77-e3ff5812f50e,false,0,,2026-09-01 01:36:58.748023+00
5051e14f-6b39-4803-b9f0-3d411689be14,2,88f00fde-c03b-40d0-8391-942129c05179,true,3,,2026-09-16 00:58:19.597858+00
505d48cc-655d-475e-bb7e-d465a9bd2884,12,be9baa68-6a1a-445b-983e-1d28a4ba0a4f,true,7,,2026-09-14 00:33:35.325051+00
50848fa8-5519-4543-8e7c-a7e2b235bf88,12,acbb1997-cf3a-4b9e-bb33-c361e8262a42,true,4,,2026-09-15 01:08:00.990358+00
508a38c5-5045-4ece-b41c-da9d4824e283,2,be9baa68-6a1a-445b-983e-1d28a4ba0a4f,true,50,,2026-08-24 21:21:19.006004+00
50a445f2-edac-4d8a-9cdf-cd7e879857ae,2,fa0c2bff-89f2-4bbd-9dea-a54bc057d264,true,4,,2026-08-25 23:22:03.438861+00
51022048-409b-4844-85c0-4af611c4853a,2,fa0c2bff-89f2-4bbd-9dea-a54bc057d264,true,4,,2026-09-14 00:37:21.793793+00
5105debc-f016-438a-86dc-dc3e267c7725,1,3960d038-c199-4ec9-9192-61e08cfac5be,true,25,,2026-09-01 01:36:33.096528+00
510b8c44-36c7-4906-bf70-d3c0767049b9,12,75996b9d-b793-4155-868b-449a063d2b12,true,4,,2026-09-06 00:26:41.625639+00
512725c3-aa30-42d0-9951-2c87ffe6a7a0,12,ee1d97a1-7499-48fa-9fd2-8d7e700d8b5d,true,10,,2026-08-24 23:17:29.404373+00
5141b947-e591-4ce8-a8d8-adfb8bf8be8d,12,2bfb9538-a407-4ddc-84e2-81274f189173,true,10,,2026-08-30 00:59:01.434885+00
5143a553-0c1c-46b8-ba70-b6b7abeec892,12,a02ccc98-25c3-4172-b022-a0e1a2a0370e,true,6,,2026-08-24 21:25:40.037977+00
5163a041-5ac1-4f11-929c-05398fc124eb,12,9bf64c00-6ad2-4bbb-878a-e1bd1ed7c664,true,4,,2026-09-05 00:31:12.444892+00
5175256c-888a-48e7-b58b-bd5fdcb6d4d8,12,8aa3c496-01a6-42d5-8cc9-c3e6261f5c4a,true,3,,2026-09-10 00:47:34.018901+00
518883ef-bae4-4adc-a171-b14a43e12661,2,8aa3c496-01a6-42d5-8cc9-c3e6261f5c4a,true,7,,2026-08-24 21:25:48.682358+00
51cdba56-0be9-4e7f-a242-2726420bb420,1,9bf64c00-6ad2-4bbb-878a-e1bd1ed7c664,true,21,,2026-09-13 00:32:50.867756+00
51e93dc1-3286-4414-bed4-82f52aed0d52,12,dea5cb3f-0c5e-4fab-a0c3-f743f4ecc299,true,7,,2026-08-24 21:23:43.206429+00
51ff639b-bb67-485f-b7ba-c305f4d0e306,2,2bfb9538-a407-4ddc-84e2-81274f189173,true,8,,2026-08-27 04:13:04.828198+00
529403e5-cbf7-4a59-8c5f-88c390857653,12,fa0c2bff-89f2-4bbd-9dea-a54bc057d264,true,2,,2026-09-12 00:54:36.206575+00
52d3ef24-71c4-4db6-b57d-15f4bdcdb208,2,88f00fde-c03b-40d0-8391-942129c05179,true,3,,2026-09-14 00:35:57.929068+00
52fde50d-9533-4f33-a75a-a2a3e464fe8f,12,ea3cb1ea-68fe-4723-8357-d6333898c16b,true,5,,2026-08-24 23:18:28.333586+00
53485482-853b-437a-9d98-8179db345806,1,a02ccc98-25c3-4172-b022-a0e1a2a0370e,true,15,,2026-09-01 01:36:09.197698+00
53709a98-b8c5-4aca-aa69-39c1c05fd1fd,1,06eb4f0b-8e0a-4de3-92b1-aadf775c0aa4,false,0,,2026-09-16 01:00:17.968395+00
53a7f215-1303-451a-b586-e83171da9ae8,2,d3e0c4a0-51ff-4221-a50d-686df4e3a21f,true,9,,2026-09-04 00:38:39.937316+00
53bf438d-6610-41e5-b1e2-39b61451f4f4,2,80234ad7-9552-466e-8a3a-24d9970c57d8,true,1,,2026-09-08 00:52:29.683509+00
53ce4f0e-5e51-4d27-89cd-897486a14d86,12,3960d038-c199-4ec9-9192-61e08cfac5be,true,4,,2026-09-09 00:58:15.285236+00
53eb46df-f5f7-407d-bc03-337483bd8ce4,2,f9d49da4-1257-4533-a246-a78b1d060d11,true,22,,2026-09-10 00:44:57.603361+00
53ecac30-2465-496c-b8bb-190409a076e8,2,6e727674-f76f-44c8-88ef-7859f408961f,true,32,,2026-08-25 23:18:47.36172+00
53ff0bf0-09ed-4961-9eb3-5491fa99fabe,12,3960d038-c199-4ec9-9192-61e08cfac5be,true,4,,2026-09-11 00:46:13.265467+00
547b5c37-72fe-4107-bef7-e19fcaba0724,1,67e50f5f-8560-4cef-8285-f0a7a765a91b,true,11,,2026-09-02 00:42:49.407282+00
54e986c1-3096-4a32-9c4c-2d73aedd7b80,1,ee1d97a1-7499-48fa-9fd2-8d7e700d8b5d,true,45,,2026-09-17 01:00:29.734975+00
552fb03e-434c-4dda-93d3-a1a960247ec6,1,75996b9d-b793-4155-868b-449a063d2b12,true,3,,2026-08-27 04:12:20.571855+00
5536ddce-1fb8-47f1-a489-610712bf3e4b,1,67e50f5f-8560-4cef-8285-f0a7a765a91b,true,11,,2026-08-27 04:11:16.708445+00
555bd372-1791-4afe-8b7e-b9f8a2664db6,12,a02ccc98-25c3-4172-b022-a0e1a2a0370e,true,6,,2026-09-14 00:36:40.129397+00
557b546e-c036-469d-9e6a-5b7daa668e62,1,8f5aa14d-c014-473b-8d44-af08fc7238fb,true,37,,2026-09-10 00:44:16.688061+00
55a3cc23-051a-4194-89de-9b8751777e0c,1,acbb1997-cf3a-4b9e-bb33-c361e8262a42,true,8,,2026-09-05 00:31:55.867585+00
55cd6258-0a2d-468d-9cb2-500082f1aed6,1,5c1d9ed6-c403-444e-aea4-876ac23e534a,true,18,,2026-09-10 00:46:25.467059+00
55e8603f-eb85-4795-bfe9-518e9d56241f,12,f9d49da4-1257-4533-a246-a78b1d060d11,true,3,,2026-09-15 01:06:05.123387+00
56d1b25f-7e31-4b2e-8f4c-348626efb3a9,1,dea5cb3f-0c5e-4fab-a0c3-f743f4ecc299,true,31,,2026-09-12 00:51:38.201825+00
56eb2287-4a6e-43c2-8145-3eb98ef5c812,12,0effda5f-f587-4e30-81b4-fdf6ea0892cf,true,2,,2026-09-02 00:42:21.70648+00
56ec5824-a2b8-4593-91cd-31ae23287910,1,2bfb9538-a407-4ddc-84e2-81274f189173,true,8,,2026-08-24 23:19:29.089975+00
5705e196-b35a-47ef-b1e9-ae2d604a4dcd,1,81f99d74-df4e-46d7-be77-e3ff5812f50e,true,1,,2026-09-08 00:53:55.88417+00
575098b4-b088-4229-8018-412fd2371b51,2,acbb1997-cf3a-4b9e-bb33-c361e8262a42,true,10,,2026-09-02 00:44:06.301392+00
5754e78e-9c15-4988-8df3-e5e93aa6bf96,2,a02ccc98-25c3-4172-b022-a0e1a2a0370e,true,11,,2026-09-13 00:34:08.453864+00
57761f65-c281-4262-aed1-1e46107340af,2,ea3cb1ea-68fe-4723-8357-d6333898c16b,true,11,,2026-09-05 00:31:23.231075+00
57ab8c45-6145-4994-818c-8d0466ba28da,2,3960d038-c199-4ec9-9192-61e08cfac5be,true,26,,2026-08-25 23:21:41.905536+00
58001dc9-aaf8-4442-8f7c-01337e0636ed,2,fa0c2bff-89f2-4bbd-9dea-a54bc057d264,true,4,,2026-08-28 06:31:47.44908+00
58b017ff-08b5-47ca-973b-08be632e4996,12,06eb4f0b-8e0a-4de3-92b1-aadf775c0aa4,false,0,,2026-09-09 00:58:49.218175+00
58ea2523-9d1b-48f0-acfb-6f730d48a9ce,12,75996b9d-b793-4155-868b-449a063d2b12,true,4,,2026-09-13 00:33:21.977092+00
590ed3f8-88da-4c4d-8485-ae7ea83582f8,2,be9baa68-6a1a-445b-983e-1d28a4ba0a4f,true,50,,2026-09-12 00:49:28.375502+00
5929dcbe-7af7-4338-bc03-eef0c49eb3a6,1,be9baa68-6a1a-445b-983e-1d28a4ba0a4f,true,50,,2026-09-18 00:54:38.090441+00
59675261-cae3-4517-bfa0-89db95e507fe,1,75996b9d-b793-4155-868b-449a063d2b12,true,3,,2026-09-02 00:43:44.028221+00
596b674b-a7bf-4985-970e-bd5e056e3d25,1,3960d038-c199-4ec9-9192-61e08cfac5be,true,26,,2026-09-17 01:03:34.878169+00
597a4984-38c8-4af1-9902-19c1435c2897,12,f9d49da4-1257-4533-a246-a78b1d060d11,true,3,,2026-09-07 00:31:45.486287+00
59c8e520-1525-485b-91c5-a6ef4ec0088b,1,d3e0c4a0-51ff-4221-a50d-686df4e3a21f,true,9,,2026-09-07 00:33:49.021146+00
59c98961-a39a-4ce0-9082-e73bfee139fb,12,9bf64c00-6ad2-4bbb-878a-e1bd1ed7c664,true,4,,2026-09-18 00:56:43.569508+00
59cdd2ea-511f-447c-a1dc-e7f083d8e07b,2,9bf64c00-6ad2-4bbb-878a-e1bd1ed7c664,true,21,,2026-09-10 00:46:07.599701+00
59cea8f9-2207-4496-8cdf-0080c30be8b2,12,ea3cb1ea-68fe-4723-8357-d6333898c16b,true,5,,2026-08-24 21:24:12.785515+00
59db51ac-23b8-4030-912e-74c405db46c0,12,9bf64c00-6ad2-4bbb-878a-e1bd1ed7c664,true,4,,2026-09-06 00:26:14.682273+00
59e683f4-a3b1-4bdd-8ea3-84f691916a52,2,2bfb9538-a407-4ddc-84e2-81274f189173,true,8,,2026-09-03 00:57:19.853261+00
59f8e79c-31d1-4ba2-8a34-776871e83531,12,8f5aa14d-c014-473b-8d44-af08fc7238fb,true,7,,2026-09-01 01:32:39.592951+00
5a12e39d-f520-4708-aaaa-b8a15b7befa0,1,9bf64c00-6ad2-4bbb-878a-e1bd1ed7c664,true,21,,2026-09-07 00:32:49.551772+00
5a304fc5-1baf-41bd-932d-eb43ec0f9f76,2,be9baa68-6a1a-445b-983e-1d28a4ba0a4f,true,49,,2026-08-31 01:01:23.167385+00
5a427f4f-dfe9-4c3a-b956-043651703816,12,8f5aa14d-c014-473b-8d44-af08fc7238fb,true,7,,2026-08-24 21:21:48.513871+00
5a561f99-2e9e-4095-aa3e-650a9c0a55bd,2,0effda5f-f587-4e30-81b4-fdf6ea0892cf,true,3,,2026-09-05 00:30:09.340443+00
5a9a77db-4c0f-4c4d-b41e-77d215768fb2,2,d3e0c4a0-51ff-4221-a50d-686df4e3a21f,true,9,,2026-09-15 01:08:09.495021+00
5af17f04-0444-43b0-bec2-9ab5c963ca14,2,75996b9d-b793-4155-868b-449a063d2b12,true,3,,2026-08-30 00:58:17.090177+00
5b025755-f6ea-4ea3-8bee-5f927c8b8b7b,12,8f5aa14d-c014-473b-8d44-af08fc7238fb,true,7,,2026-08-31 01:01:46.910338+00
5b0b7ef1-aee3-40fe-86df-7312975382e4,12,06eb4f0b-8e0a-4de3-92b1-aadf775c0aa4,false,0,,2026-09-07 00:35:00.711369+00
5b0b804d-2c0e-4ddd-ae6e-6f616542e1fa,2,cdde90d3-c7f2-484b-9d50-d359b362c86c,true,17,,2026-08-29 04:02:27.731631+00
5b185b07-17b2-446e-9f88-c997a08bc3f3,12,8f5aa14d-c014-473b-8d44-af08fc7238fb,true,7,,2026-08-24 23:16:13.755722+00
5b18976a-aae0-452c-bc23-e5d27b5c07c5,1,8aa3c496-01a6-42d5-8cc9-c3e6261f5c4a,true,7,,2026-09-06 00:27:40.330078+00
5b1ba681-8f23-4079-acb3-d3b3e7618a76,2,ea3cb1ea-68fe-4723-8357-d6333898c16b,true,11,,2026-09-02 00:43:27.760884+00
5b301833-1536-4fac-bd66-14a724afffa1,12,a02ccc98-25c3-4172-b022-a0e1a2a0370e,true,6,,2026-09-11 00:45:48.935334+00
5b4de9e6-9bb3-402c-8247-d9dfa024e63c,2,5c1d9ed6-c403-444e-aea4-876ac23e534a,true,18,,2026-08-24 21:24:25.366407+00
5b991158-91fc-4d21-ae1d-4dad9974b4b5,12,dea5cb3f-0c5e-4fab-a0c3-f743f4ecc299,true,7,,2026-09-15 01:06:56.349697+00
5bb37a83-76e2-4b5d-a8ef-5ffa0391026c,2,acbb1997-cf3a-4b9e-bb33-c361e8262a42,true,10,,2026-09-18 00:57:32.918862+00
5bbc414d-8f3c-4cb5-b585-6a042f33413d,12,9bf64c00-6ad2-4bbb-878a-e1bd1ed7c664,true,4,,2026-08-24 21:23:59.512158+00
5bfc0fd8-5c6c-4c9a-90f6-7db8244dbabd,1,88f00fde-c03b-40d0-8391-942129c05179,true,3,,2026-08-25 23:20:37.831853+00
5c27b4be-089c-41c3-a1d6-53a4a4295941,1,dea5cb3f-0c5e-4fab-a0c3-f743f4ecc299,true,29,,2026-08-28 06:28:50.917711+00
5c49f0b3-4b2e-4df9-b082-2d1b1c6b701b,1,81f99d74-df4e-46d7-be77-e3ff5812f50e,true,1,,2026-09-17 01:04:02.602742+00
5d3336db-56e5-4712-b328-61800d7b3013,1,cdde90d3-c7f2-484b-9d50-d359b362c86c,true,17,,2026-09-18 00:58:29.728094+00
5d35da14-79ac-4b5b-8386-11a1dfe510fc,2,fa0c2bff-89f2-4bbd-9dea-a54bc057d264,true,4,,2026-08-31 01:06:09.359839+00
5d4a36d9-4f40-4827-8f56-2b2fcfbae044,12,0effda5f-f587-4e30-81b4-fdf6ea0892cf,true,2,,2026-08-24 23:17:00.982632+00
5da50b4c-ac93-46e7-8e7d-4baf2045b795,12,8aa3c496-01a6-42d5-8cc9-c3e6261f5c4a,true,3,,2026-09-02 00:44:41.930913+00
5db15cfe-e154-4005-b91f-86a7795d5d9f,12,81f99d74-df4e-46d7-be77-e3ff5812f50e,false,0,,2026-09-10 00:48:04.483284+00
5dce6a3f-442c-437d-9bb1-def08641ac62,1,6e727674-f76f-44c8-88ef-7859f408961f,true,40,,2026-08-24 23:16:31.634534+00
5ddc6cb8-7402-454f-a7fa-7aa4c4dd0b76,1,3960d038-c199-4ec9-9192-61e08cfac5be,true,25,,2026-08-28 06:31:11.796907+00
5de1270d-b6a0-47f7-a06c-4a43127f79e3,1,75996b9d-b793-4155-868b-449a063d2b12,true,3,,2026-09-08 00:52:16.486134+00
5dec6150-9b60-4283-be2b-e11c2bb516b3,2,06eb4f0b-8e0a-4de3-92b1-aadf775c0aa4,false,0,,2026-08-25 23:22:09.064057+00
5dfde6d3-6d52-49b7-ad89-7127a71a15a6,1,9bf64c00-6ad2-4bbb-878a-e1bd1ed7c664,true,21,,2026-09-06 00:26:10.360305+00
5e2fab1d-e87d-45e2-ad64-ab87bdeb1eef,12,5c1d9ed6-c403-444e-aea4-876ac23e534a,true,3,,2026-08-27 04:12:15.17975+00
5e97fff5-1a2a-4e7d-87e7-7b5a6d9312cb,12,3960d038-c199-4ec9-9192-61e08cfac5be,true,4,,2026-08-24 21:26:06.541194+00
5f3c5be5-81fd-47dd-b83c-5b0a823bbfa7,1,d3e0c4a0-51ff-4221-a50d-686df4e3a21f,true,9,,2026-09-01 01:35:47.062519+00
5f77a1b8-79c6-4e9d-8cf7-86453ef88b60,2,9bf64c00-6ad2-4bbb-878a-e1bd1ed7c664,true,21,,2026-08-31 01:03:44.652175+00
5fb01fb6-3991-4bfb-95f9-0e319514f65b,2,dea5cb3f-0c5e-4fab-a0c3-f743f4ecc299,true,33,,2026-09-10 00:45:54.224327+00
607fe9a2-0a98-4bbe-8da5-a37e6af2bd0e,12,2bfb9538-a407-4ddc-84e2-81274f189173,true,10,,2026-08-25 23:21:12.250076+00
6085ff58-d773-4fdb-85df-3b5fca2bad45,12,be9baa68-6a1a-445b-983e-1d28a4ba0a4f,true,7,,2026-08-30 00:55:40.184817+00
609d2ea4-fd09-44bf-8eeb-c36f7765ee68,2,67e50f5f-8560-4cef-8285-f0a7a765a91b,true,11,,2026-08-30 00:57:16.214055+00
60a3e2af-e1eb-4d50-bc3b-c4e4ee88d369,1,9bf64c00-6ad2-4bbb-878a-e1bd1ed7c664,true,21,,2026-08-27 04:11:47.279803+00
60e6fd86-2abc-4933-86b0-7623266ab7dc,2,d3e0c4a0-51ff-4221-a50d-686df4e3a21f,true,9,,2026-09-02 00:44:14.492817+00
60e88c9c-41bc-4e14-8e0a-74f59e5e2fc6,2,8aa3c496-01a6-42d5-8cc9-c3e6261f5c4a,true,7,,2026-08-30 00:59:20.824435+00
60fb4e67-5ab5-4d59-aa34-7d2854cefda3,2,88f00fde-c03b-40d0-8391-942129c05179,true,3,,2026-09-09 00:56:54.377698+00
60ff3a5c-8c65-4046-86ad-13ed3cbb23f2,1,acbb1997-cf3a-4b9e-bb33-c361e8262a42,true,11,,2026-09-01 01:35:36.945627+00
61168d55-07fb-4b30-afc6-3b01075aba39,2,81f99d74-df4e-46d7-be77-e3ff5812f50e,false,0,,2026-09-04 00:39:49.003642+00
611b34a9-5ed1-41f6-a44d-f52d26be8a51,12,6e727674-f76f-44c8-88ef-7859f408961f,true,8,,2026-09-09 00:54:28.571302+00
612532af-4444-496b-a9f9-ec10c88dc0c2,1,be9baa68-6a1a-445b-983e-1d28a4ba0a4f,true,50,,2026-09-06 00:24:10.668388+00
614ce1af-a6dd-47cd-8693-655a5615e3e9,12,d3e0c4a0-51ff-4221-a50d-686df4e3a21f,true,1,,2026-09-07 00:33:50.937874+00
6184dc08-0630-4579-903f-7ca80380a279,12,2bfb9538-a407-4ddc-84e2-81274f189173,true,10,,2026-08-24 21:25:23.943217+00
61db1e2c-2330-4347-8b87-079b5e8e93dc,12,cdde90d3-c7f2-484b-9d50-d359b362c86c,true,7,,2026-08-24 21:26:21.610897+00
61e38424-6c24-459b-906c-83422b2cb4a9,2,d3e0c4a0-51ff-4221-a50d-686df4e3a21f,true,9,,2026-08-27 04:12:55.868097+00
61eff8f2-9926-490d-9c09-3d4e5dbcc4f1,2,be9baa68-6a1a-445b-983e-1d28a4ba0a4f,true,49,,2026-08-30 00:55:37.849516+00
61f20a40-5cd7-4c1d-b2d6-5891bcf2a0b7,2,acbb1997-cf3a-4b9e-bb33-c361e8262a42,true,10,,2026-09-10 00:46:57.967255+00
61f9f70c-cdcf-4273-9a8a-a1dd14c081ac,12,0effda5f-f587-4e30-81b4-fdf6ea0892cf,true,2,,2026-08-27 04:10:45.852224+00
620864a3-1036-48d1-98a3-4b7c4c625699,12,2bfb9538-a407-4ddc-84e2-81274f189173,true,10,,2026-09-07 00:34:00.009169+00
62171672-1587-4d88-b4cf-19802c3afa27,1,9bf64c00-6ad2-4bbb-878a-e1bd1ed7c664,true,21,,2026-09-18 00:56:38.744709+00
6228b03c-4094-4925-89b5-de9fde594e05,12,d3e0c4a0-51ff-4221-a50d-686df4e3a21f,true,1,,2026-09-01 01:35:49.703061+00
625fe6ae-e168-46f1-b465-9c2cb0290687,2,80234ad7-9552-466e-8a3a-24d9970c57d8,true,1,,2026-09-10 00:46:48.023105+00
6284b7f4-d67d-414b-9e76-d5c4adb34b60,1,8f5aa14d-c014-473b-8d44-af08fc7238fb,true,37,,2026-09-04 00:35:27.607694+00
62a050c9-cf47-469f-a322-2a4aeeb1baa0,1,fa0c2bff-89f2-4bbd-9dea-a54bc057d264,true,4,,2026-09-01 01:37:04.317968+00
62c34ff9-5801-4113-8b34-cdb9704d353e,2,a02ccc98-25c3-4172-b022-a0e1a2a0370e,true,11,,2026-09-12 00:53:39.24171+00
62c90104-c1ee-4c28-aa59-ebe7062ffec4,2,cdde90d3-c7f2-484b-9d50-d359b362c86c,true,17,,2026-08-24 21:26:18.787265+00
62ebb415-8442-45ab-b8e0-1d7d5e5bb04d,2,9bf64c00-6ad2-4bbb-878a-e1bd1ed7c664,true,21,,2026-09-05 00:31:11.581614+00
62fed1be-d48c-4c94-ae57-1dd5230e0846,2,88f00fde-c03b-40d0-8391-942129c05179,true,3,,2026-09-05 00:31:43.475121+00
6347acb6-42b0-469a-b906-b3df2882dcbf,1,ea3cb1ea-68fe-4723-8357-d6333898c16b,true,12,,2026-09-13 00:33:02.145066+00
6397e6bb-0df1-41a9-b429-c87a806cc3e8,2,cdde90d3-c7f2-484b-9d50-d359b362c86c,true,17,,2026-09-12 00:54:20.857993+00
63f0f3f4-1389-48af-adf7-0c80d4ddffd4,2,8aa3c496-01a6-42d5-8cc9-c3e6261f5c4a,true,7,,2026-09-17 01:03:22.745756+00
64070283-6167-4544-9b95-7fc99c86b741,1,06eb4f0b-8e0a-4de3-92b1-aadf775c0aa4,false,0,,2026-09-02 00:45:28.210946+00
640a0156-6e8b-434d-95c9-46e21df05bea,2,80234ad7-9552-466e-8a3a-24d9970c57d8,true,1,,2026-09-12 00:52:50.240161+00
640a3118-448a-4a6d-9fbb-166f55e05cc4,1,ea3cb1ea-68fe-4723-8357-d6333898c16b,true,12,,2026-09-15 01:07:18.690816+00
6473a686-b8e7-40e2-a3be-2b72a8e4648b,12,8aa3c496-01a6-42d5-8cc9-c3e6261f5c4a,true,3,,2026-09-03 00:57:45.73328+00
64983f05-4bb4-4fb1-8445-34d3643f54db,12,9bf64c00-6ad2-4bbb-878a-e1bd1ed7c664,true,4,,2026-09-16 00:57:35.37307+00
64c27997-5255-40a3-9da9-91ebe1895f72,12,3960d038-c199-4ec9-9192-61e08cfac5be,true,4,,2026-08-28 06:31:18.714632+00
64c746e0-14de-4e31-87d9-137669899741,1,81f99d74-df4e-46d7-be77-e3ff5812f50e,true,1,,2026-09-05 00:33:07.093675+00
64d5adfa-d5df-4200-9b48-2e6f15b733c2,1,d3e0c4a0-51ff-4221-a50d-686df4e3a21f,true,9,,2026-08-27 04:12:54.095577+00
6507b39f-52fc-498d-b1de-82e731a32ea4,2,06eb4f0b-8e0a-4de3-92b1-aadf775c0aa4,false,0,,2026-09-12 00:54:40.999483+00
65135137-9793-48e4-b458-be77315932de,2,0effda5f-f587-4e30-81b4-fdf6ea0892cf,true,3,,2026-08-30 00:56:42.387013+00
651f09f4-a33a-49c9-927a-f4b7883aca71,2,81f99d74-df4e-46d7-be77-e3ff5812f50e,false,0,,2026-09-18 00:58:38.149446+00
65280e43-1263-430d-96e5-579f264f0d87,2,f9d49da4-1257-4533-a246-a78b1d060d11,true,22,,2026-09-06 00:25:08.07074+00
6540c7cb-77d4-4ca7-8b78-da5eafb1225a,1,06eb4f0b-8e0a-4de3-92b1-aadf775c0aa4,false,0,,2026-09-12 00:54:40.782011+00
65751cc8-bafc-4e84-9e9e-a28f561863e5,1,acbb1997-cf3a-4b9e-bb33-c361e8262a42,true,11,,2026-09-07 00:33:40.246113+00
657968ac-5f54-4ad3-aea0-a75293e75b6e,2,67e50f5f-8560-4cef-8285-f0a7a765a91b,true,11,,2026-08-28 06:28:38.619319+00
658fe082-4984-4bb7-ad5a-fff4200d4729,2,ee1d97a1-7499-48fa-9fd2-8d7e700d8b5d,true,50,,2026-09-07 00:32:15.305973+00
65a375b9-5619-4972-ab62-b1e596330744,12,ee1d97a1-7499-48fa-9fd2-8d7e700d8b5d,true,10,,2026-09-07 00:32:17.244571+00
65d4cbf7-22c5-47f0-af0c-016693fc584b,12,cdde90d3-c7f2-484b-9d50-d359b362c86c,true,7,,2026-09-13 00:34:40.16415+00
66941072-8ba5-44bf-b8e1-91aac418a1d0,1,d3e0c4a0-51ff-4221-a50d-686df4e3a21f,true,9,,2026-09-12 00:53:14.16092+00
66c1f1ff-bbdf-4ab4-ab61-95d61b5d36a4,2,9bf64c00-6ad2-4bbb-878a-e1bd1ed7c664,true,21,,2026-09-04 00:37:31.803795+00
671a05f2-c972-4d4d-b6bb-405da49a4b72,12,3960d038-c199-4ec9-9192-61e08cfac5be,true,4,,2026-09-18 00:58:23.124284+00
67cf7c51-5e07-46fd-9d6e-27abab05e9bc,1,f9d49da4-1257-4533-a246-a78b1d060d11,true,20,,2026-09-09 00:54:38.515166+00
67dc36e4-30b2-43e1-beaa-e6e06f360a41,2,80234ad7-9552-466e-8a3a-24d9970c57d8,true,1,,2026-09-14 00:36:03.585976+00
680e0a13-cbc8-4496-b907-8b314fe4c144,2,f9d49da4-1257-4533-a246-a78b1d060d11,true,22,,2026-09-02 00:42:15.596352+00
680f0ffa-e7ec-457e-9d2f-f025a91255e9,1,2bfb9538-a407-4ddc-84e2-81274f189173,true,8,,2026-08-30 00:58:57.284433+00
686ab282-9aec-4243-a5f2-cb84277c67ec,1,fa0c2bff-89f2-4bbd-9dea-a54bc057d264,true,4,,2026-08-30 01:00:05.92541+00
68b909fd-6a66-439a-8936-51d798c1dfb9,12,2bfb9538-a407-4ddc-84e2-81274f189173,true,10,,2026-09-03 00:57:22.852024+00
68bcc8c2-3ded-488b-9ae8-1a0b350b41ca,1,67e50f5f-8560-4cef-8285-f0a7a765a91b,true,11,,2026-09-17 01:00:50.808849+00
6908e8db-76c8-4a34-a637-92af38015ea5,2,0effda5f-f587-4e30-81b4-fdf6ea0892cf,true,3,,2026-08-29 03:59:47.865448+00
69191d5e-5bff-4107-84ad-b45059b329ad,2,9bf64c00-6ad2-4bbb-878a-e1bd1ed7c664,true,21,,2026-09-07 00:32:52.616632+00
693571c3-1ad0-49d7-a181-b100bfc3b5f0,1,0effda5f-f587-4e30-81b4-fdf6ea0892cf,true,2,,2026-09-04 00:36:21.609197+00
6947705b-d23d-4f9a-acac-1900690580d0,2,3960d038-c199-4ec9-9192-61e08cfac5be,true,26,,2026-09-10 00:47:46.523185+00
69712687-7080-45dd-a89d-8b6af3bd7323,2,fa0c2bff-89f2-4bbd-9dea-a54bc057d264,true,4,,2026-09-17 01:04:12.989723+00
699562b2-f1c6-4cd6-9a6d-c9bb3a6ec3a8,2,ea3cb1ea-68fe-4723-8357-d6333898c16b,true,11,,2026-09-18 00:56:51.675738+00
69a3a2e5-5141-42c7-9d70-a10f7ddf470b,2,a02ccc98-25c3-4172-b022-a0e1a2a0370e,true,12,,2026-09-07 00:34:08.952148+00
69cff2a0-97d3-4a59-8673-d7eec6cb5b95,2,8f5aa14d-c014-473b-8d44-af08fc7238fb,true,37,,2026-09-15 01:05:31.752564+00
69f7eaa8-c52f-4fa0-bc32-2efc413522ba,1,88f00fde-c03b-40d0-8391-942129c05179,true,3,,2026-08-24 21:24:40.262102+00
6a07e833-5ebb-4226-937d-0c49dc1d68dc,2,75996b9d-b793-4155-868b-449a063d2b12,true,3,,2026-08-25 23:20:32.364655+00
6a1c3bbe-9840-4a9f-b95b-aed027cf62f1,2,6e727674-f76f-44c8-88ef-7859f408961f,true,32,,2026-09-01 01:33:02.40251+00
6a83a9ac-7517-4216-a1a5-6cd5d789cc60,12,67e50f5f-8560-4cef-8285-f0a7a765a91b,true,5,,2026-09-03 00:55:18.436918+00
6a97b323-774a-4e98-a5c5-334f0bf46513,12,81f99d74-df4e-46d7-be77-e3ff5812f50e,false,0,,2026-09-02 00:45:17.399686+00
6aa99b8f-9a85-42be-924f-985034b6abe1,2,8aa3c496-01a6-42d5-8cc9-c3e6261f5c4a,true,7,,2026-09-14 00:36:46.430885+00
6ac1789f-d644-4e9f-a6ea-373f27a4fdc0,12,be9baa68-6a1a-445b-983e-1d28a4ba0a4f,true,7,,2026-09-07 00:30:52.176278+00
6aeecc2d-7edf-46fa-a3cb-47a4dbc01766,12,d3e0c4a0-51ff-4221-a50d-686df4e3a21f,true,1,,2026-09-08 00:52:50.628457+00
6b052318-2dc5-47fb-97b5-566fa3e12423,1,06eb4f0b-8e0a-4de3-92b1-aadf775c0aa4,false,0,,2026-08-28 06:31:52.556202+00
6b0b11e0-fa13-41c7-a688-0237fb911b90,1,cdde90d3-c7f2-484b-9d50-d359b362c86c,true,17,,2026-08-27 04:13:53.22804+00
6b4aed8d-5277-4d6a-9321-7ce48171f6f3,12,81f99d74-df4e-46d7-be77-e3ff5812f50e,false,0,,2026-08-27 04:14:03.02669+00
6b5d738f-4c81-48e4-bc1a-c9c93fd74559,12,88f00fde-c03b-40d0-8391-942129c05179,true,1,,2026-08-27 04:12:29.616575+00
6b6e4aca-b042-41c6-8c2f-9efecaa38b91,12,ea3cb1ea-68fe-4723-8357-d6333898c16b,true,5,,2026-09-14 00:35:36.424819+00
6b7c0c95-c0a3-47d2-aa8f-71c17d5b3342,2,d3e0c4a0-51ff-4221-a50d-686df4e3a21f,true,9,,2026-09-12 00:53:16.301159+00
6b98634a-73f2-4126-9a40-8aa425559242,12,0effda5f-f587-4e30-81b4-fdf6ea0892cf,true,2,,2026-09-01 01:33:28.780305+00
6b9ed2d1-72a6-4dbd-a1ce-b4d7797e8332,2,81f99d74-df4e-46d7-be77-e3ff5812f50e,false,0,,2026-08-29 04:02:33.749505+00
6bd555e8-e104-4f3e-b540-65f7e4cfa7de,2,67e50f5f-8560-4cef-8285-f0a7a765a91b,true,11,,2026-09-09 00:55:34.308848+00
6bdb2b6b-96a0-48bd-bcf1-49f2e6c6a1b1,2,f9d49da4-1257-4533-a246-a78b1d060d11,true,22,,2026-08-24 21:22:32.946909+00
6bf78380-e19d-4176-9eb1-7a3bec26198b,1,f9d49da4-1257-4533-a246-a78b1d060d11,true,21,,2026-09-15 01:06:00.933513+00
6c12ef62-50c4-480b-9193-f6501b9de4e9,12,fa0c2bff-89f2-4bbd-9dea-a54bc057d264,true,2,,2026-08-27 04:14:09.942115+00
6c237b7c-e12c-4b65-86fa-c24001147d64,12,8f5aa14d-c014-473b-8d44-af08fc7238fb,true,7,,2026-09-16 00:55:26.937031+00
6c5755fa-998e-4ab7-81ae-8b56d4a070a2,2,acbb1997-cf3a-4b9e-bb33-c361e8262a42,true,10,,2026-08-24 21:25:00.193845+00
6c5bdd60-2817-4ab1-8772-3d3752bb3ab3,12,8aa3c496-01a6-42d5-8cc9-c3e6261f5c4a,true,3,,2026-09-05 00:32:33.388597+00
6c5d4000-dc8e-49ac-86bb-b8f869c10336,1,2bfb9538-a407-4ddc-84e2-81274f189173,true,8,,2026-09-06 00:27:20.827148+00
6c7bc0db-968f-4fe5-b3f6-bab5c94e9abd,1,6e727674-f76f-44c8-88ef-7859f408961f,true,40,,2026-08-24 21:22:06.827199+00
6cc21b2a-5d4a-4fde-bcaa-bd4910eea2d4,12,ee1d97a1-7499-48fa-9fd2-8d7e700d8b5d,true,10,,2026-09-17 01:00:43.776704+00
6cde8e66-a604-43ae-8300-132f7cefb406,1,3960d038-c199-4ec9-9192-61e08cfac5be,true,25,,2026-08-24 23:20:08.489438+00
6cecee25-3135-4661-87ad-7b159fee62a0,1,75996b9d-b793-4155-868b-449a063d2b12,true,3,,2026-09-03 00:56:30.070503+00
6ced7ec5-ad61-4987-a231-c4793087ddb4,12,cdde90d3-c7f2-484b-9d50-d359b362c86c,true,6,,2026-08-25 23:21:53.106415+00
6d335d46-f320-4491-a240-38e9492e7604,2,f9d49da4-1257-4533-a246-a78b1d060d11,true,22,,2026-09-11 00:43:06.693817+00
6d4d1acc-b421-49dc-bb75-d15f59d2321f,2,be9baa68-6a1a-445b-983e-1d28a4ba0a4f,true,49,,2026-09-11 00:42:07.300903+00
6d7ffabb-a3e6-48ad-8d5c-f11d27921269,1,cdde90d3-c7f2-484b-9d50-d359b362c86c,true,17,,2026-08-24 21:26:15.078143+00
6dad60bb-75ad-46da-af28-0f41620a6a3c,12,2bfb9538-a407-4ddc-84e2-81274f189173,true,10,,2026-09-04 00:38:51.090068+00
6de0fae0-027f-4f5b-b9b5-d586f5ab655a,1,dea5cb3f-0c5e-4fab-a0c3-f743f4ecc299,true,30,,2026-09-03 00:55:31.663688+00
6de11c79-c6cc-44e1-8117-dd87aa687a57,12,fa0c2bff-89f2-4bbd-9dea-a54bc057d264,true,2,,2026-08-24 23:20:41.287975+00
6e03c5b1-0b62-4cf4-a11a-8787d49aed66,12,6e727674-f76f-44c8-88ef-7859f408961f,true,8,,2026-09-10 00:44:44.925153+00
6e068c47-4b7d-405f-adb4-ab92c8f19735,2,0effda5f-f587-4e30-81b4-fdf6ea0892cf,true,3,,2026-09-08 00:50:36.989774+00
6e9f5af4-1c83-4ab5-8e08-995342b0a9dd,1,cdde90d3-c7f2-484b-9d50-d359b362c86c,true,17,,2026-09-12 00:54:16.990256+00
6eefd408-00ad-4177-9f5e-5f995296fe4e,1,88f00fde-c03b-40d0-8391-942129c05179,true,3,,2026-09-06 00:26:46.682142+00
6f0f076a-11ce-42e3-a759-f712c1ba790d,1,cdde90d3-c7f2-484b-9d50-d359b362c86c,true,17,,2026-09-07 00:34:40.897362+00
6f10930b-71e3-4f45-a406-9ec3243fab9d,12,9bf64c00-6ad2-4bbb-878a-e1bd1ed7c664,true,4,,2026-09-02 00:43:19.473888+00
6f51bf16-7e08-4e71-aa01-3953c35a5e01,12,dea5cb3f-0c5e-4fab-a0c3-f743f4ecc299,true,7,,2026-09-04 00:37:18.346856+00
6f638a91-c0d7-41af-955c-985010500576,12,ea3cb1ea-68fe-4723-8357-d6333898c16b,true,5,,2026-09-17 01:01:47.857356+00
6f6669ed-e147-42e2-a1e4-b727b9202a25,1,81f99d74-df4e-46d7-be77-e3ff5812f50e,true,1,,2026-09-02 00:45:17.12832+00
6f6be2d5-9715-49f4-b609-2fb41584eb11,12,f9d49da4-1257-4533-a246-a78b1d060d11,true,3,,2026-09-03 00:54:29.115969+00
6f835a78-3755-47ec-8d03-24d06450df8e,2,a02ccc98-25c3-4172-b022-a0e1a2a0370e,true,12,,2026-09-08 00:53:10.873608+00
6f9754f7-73e5-4ef6-891b-b9cd22651a12,12,cdde90d3-c7f2-484b-9d50-d359b362c86c,true,7,,2026-08-29 04:02:29.284771+00
6f9937c2-2e9c-45b0-968a-8c24686d09f9,1,06eb4f0b-8e0a-4de3-92b1-aadf775c0aa4,false,0,,2026-08-30 01:00:11.628236+00
6fd0328a-9396-4240-91a9-adcac3a18336,12,8aa3c496-01a6-42d5-8cc9-c3e6261f5c4a,true,3,,2026-08-30 00:59:21.542094+00
6ffd7b86-7f3a-4b51-9e67-0fc880a029d2,12,06eb4f0b-8e0a-4de3-92b1-aadf775c0aa4,false,0,,2026-09-04 00:40:01.47212+00
706e50de-9a48-4fb6-b70c-a84653bfb479,2,67e50f5f-8560-4cef-8285-f0a7a765a91b,true,11,,2026-09-13 00:32:27.662827+00
70d44f14-5639-442c-8412-3b4d3ba989b9,2,fa0c2bff-89f2-4bbd-9dea-a54bc057d264,true,4,,2026-09-08 00:54:02.481242+00
70d53d79-8989-438d-8485-fbde524da9ae,12,ea3cb1ea-68fe-4723-8357-d6333898c16b,true,5,,2026-09-10 00:46:18.40143+00
70dd418a-0514-4cf8-8256-f288d60e852d,12,ea3cb1ea-68fe-4723-8357-d6333898c16b,true,5,,2026-09-15 01:07:21.796726+00
70f70287-16d9-4db0-ba75-4d7a4fc9a603,2,6e727674-f76f-44c8-88ef-7859f408961f,true,32,,2026-09-03 00:54:09.117448+00
70faf506-2eaa-412e-a7e1-195748792417,2,9bf64c00-6ad2-4bbb-878a-e1bd1ed7c664,true,21,,2026-08-27 04:11:51.467789+00
7103ae93-891c-4ae6-8e4e-62ebbaff94b1,2,ea3cb1ea-68fe-4723-8357-d6333898c16b,true,11,,2026-08-27 04:12:01.940722+00
710b08b1-fe54-4712-99c3-a3c996176ad1,1,3960d038-c199-4ec9-9192-61e08cfac5be,true,26,,2026-09-07 00:34:28.46218+00
711526ed-a51b-44c9-969e-0a3ee01ae6e9,12,80234ad7-9552-466e-8a3a-24d9970c57d8,true,10,,2026-09-15 01:07:52.359254+00
712e4ece-5822-48e8-8b59-3428d5c44d3e,2,a02ccc98-25c3-4172-b022-a0e1a2a0370e,true,11,,2026-09-09 00:57:45.016626+00
713466ae-f299-40b7-af6e-78c7f1e0db49,1,5c1d9ed6-c403-444e-aea4-876ac23e534a,true,18,,2026-09-02 00:43:35.802568+00
713ee5fa-2394-49fa-b828-21e209e04062,1,8f5aa14d-c014-473b-8d44-af08fc7238fb,true,37,,2026-09-13 00:31:18.649297+00
713f3043-0b9a-4f52-9c28-b9613695651e,12,dea5cb3f-0c5e-4fab-a0c3-f743f4ecc299,true,7,,2026-09-06 00:26:02.132292+00
71527c7b-9908-48c5-9c9e-0457fcd6eef6,2,ee1d97a1-7499-48fa-9fd2-8d7e700d8b5d,true,50,,2026-09-14 00:34:46.252232+00
716b0643-9577-47ff-a887-35b7c334b9c4,12,06eb4f0b-8e0a-4de3-92b1-aadf775c0aa4,false,0,,2026-09-02 00:45:28.497634+00
71727b0d-25b6-47c1-8fb6-2d0d45b90daa,2,acbb1997-cf3a-4b9e-bb33-c361e8262a42,true,10,,2026-09-12 00:53:04.162227+00
717488fe-461b-4568-86af-738ae496d854,12,80234ad7-9552-466e-8a3a-24d9970c57d8,true,10,,2026-08-29 04:01:24.080618+00
718e6f1f-767d-42e3-b4c0-713fcfc03624,1,88f00fde-c03b-40d0-8391-942129c05179,true,3,,2026-09-13 00:33:26.51661+00
71b9d8da-45ec-41e0-b467-b0c294860730,12,dea5cb3f-0c5e-4fab-a0c3-f743f4ecc299,true,7,,2026-09-08 00:51:31.843576+00
71bb62fd-f750-4cba-b3ba-c1824db6e004,12,dea5cb3f-0c5e-4fab-a0c3-f743f4ecc299,true,7,,2026-09-09 00:55:56.117287+00
721b1772-4f94-46d0-a06a-1b1edfd91746,12,fa0c2bff-89f2-4bbd-9dea-a54bc057d264,true,2,,2026-09-08 00:54:03.031798+00
7220fd86-0539-4149-a46f-bd0cde313aae,1,cdde90d3-c7f2-484b-9d50-d359b362c86c,true,17,,2026-08-30 00:59:49.496995+00
72285217-bda5-4329-9523-634b3748d38c,2,81f99d74-df4e-46d7-be77-e3ff5812f50e,false,0,,2026-09-11 00:46:31.732901+00
726511c6-be0e-4663-bddc-2c2f5e978cb2,1,67e50f5f-8560-4cef-8285-f0a7a765a91b,true,11,,2026-08-30 00:57:14.036808+00
7270c5ba-875d-42ed-81ce-25cf70f0f010,12,d3e0c4a0-51ff-4221-a50d-686df4e3a21f,true,1,,2026-09-03 00:57:10.479815+00
72806dff-870e-4a97-bbb7-001643cb2878,1,f9d49da4-1257-4533-a246-a78b1d060d11,true,21,,2026-09-17 00:59:54.667725+00
7281f6ec-b74e-4e0f-9bd7-3090854d205d,12,dea5cb3f-0c5e-4fab-a0c3-f743f4ecc299,true,7,,2026-08-25 23:19:51.129728+00
72994d54-9c7c-481f-ac67-55b58704ce5f,1,be9baa68-6a1a-445b-983e-1d28a4ba0a4f,true,50,,2026-09-01 01:32:02.693958+00
72b91cbb-759e-424d-b78e-08901489a5a7,2,fa0c2bff-89f2-4bbd-9dea-a54bc057d264,true,4,,2026-08-24 21:26:34.01239+00
72cf3911-d790-466f-8f4c-6c8ebe1fb01d,1,6e727674-f76f-44c8-88ef-7859f408961f,true,40,,2026-08-25 23:18:42.426742+00
72eea001-63f7-4a22-aed8-3114c9ae7c41,2,0effda5f-f587-4e30-81b4-fdf6ea0892cf,true,3,,2026-08-24 23:17:00.426635+00
72fdae2f-b32c-4276-9063-fd5c9c208103,2,ea3cb1ea-68fe-4723-8357-d6333898c16b,true,11,,2026-09-11 00:44:32.423976+00
732af75b-5a3b-4759-8b99-f435b8a7872d,2,0effda5f-f587-4e30-81b4-fdf6ea0892cf,true,3,,2026-09-01 01:33:28.157634+00
732e8320-d0e9-4bec-8075-718023f53378,1,a02ccc98-25c3-4172-b022-a0e1a2a0370e,true,14,,2026-09-14 00:36:36.812943+00
73642ef0-6fec-4199-875e-5252d3b5cdad,12,a02ccc98-25c3-4172-b022-a0e1a2a0370e,true,6,,2026-08-28 06:30:52.066061+00
736dbdf9-b533-4bb7-b04b-e06fb747365d,1,88f00fde-c03b-40d0-8391-942129c05179,true,3,,2026-09-05 00:31:42.902897+00
7378e01e-a593-4887-93ae-9cc45e86bf78,12,d3e0c4a0-51ff-4221-a50d-686df4e3a21f,true,1,,2026-08-29 04:01:39.712513+00
738ee2e6-9e6c-41b0-9a7a-d77650b6f289,2,9bf64c00-6ad2-4bbb-878a-e1bd1ed7c664,true,21,,2026-09-09 00:56:11.807899+00
73985775-5d44-4783-9259-1d2db28f6d68,12,ea3cb1ea-68fe-4723-8357-d6333898c16b,true,5,,2026-09-12 00:52:15.150364+00
73d76337-22fd-4cfb-8097-83f448e6c898,1,ea3cb1ea-68fe-4723-8357-d6333898c16b,true,12,,2026-08-27 04:11:59.710839+00
73f4201d-0700-4e1a-8d96-f6a5af7ad9be,12,80234ad7-9552-466e-8a3a-24d9970c57d8,true,10,,2026-09-07 00:33:34.364631+00
744036dc-db12-4af1-8fed-ce4b77e858d1,2,acbb1997-cf3a-4b9e-bb33-c361e8262a42,true,10,,2026-09-05 00:31:57.771887+00
746e868c-1539-4bdd-8cb1-9b7fcca3e910,12,d3e0c4a0-51ff-4221-a50d-686df4e3a21f,true,1,,2026-08-30 00:58:50.891557+00
74a08fda-9526-449c-9dc7-0e30a2eb6e58,12,5c1d9ed6-c403-444e-aea4-876ac23e534a,true,3,,2026-09-10 00:46:29.341163+00
74a163b5-e385-4878-8719-6a9a3fce8225,1,fa0c2bff-89f2-4bbd-9dea-a54bc057d264,true,4,,2026-08-24 21:26:32.999903+00
74a2972f-a747-4c33-82e2-85511da68b2b,2,8f5aa14d-c014-473b-8d44-af08fc7238fb,true,37,,2026-09-17 00:59:16.437189+00
74b72d98-574e-4334-8f36-f94c963f2af5,2,8f5aa14d-c014-473b-8d44-af08fc7238fb,true,37,,2026-09-02 00:41:43.389547+00
74bf324d-9be4-45a1-a0ad-3465f07e963e,1,67e50f5f-8560-4cef-8285-f0a7a765a91b,true,11,,2026-09-08 00:51:09.826892+00
74c2dd82-e575-47b8-b440-986307436d14,1,f9d49da4-1257-4533-a246-a78b1d060d11,true,21,,2026-09-11 00:43:02.332529+00
74c75b20-f3e2-4ad1-be7e-68cf002039f9,12,d3e0c4a0-51ff-4221-a50d-686df4e3a21f,true,1,,2026-08-24 21:25:11.724613+00
7502aba5-46bc-4c45-bd1b-574c0efadc53,2,dea5cb3f-0c5e-4fab-a0c3-f743f4ecc299,true,33,,2026-09-06 00:26:00.888968+00
752755ad-ec03-4091-81bd-83b17cba9037,12,8aa3c496-01a6-42d5-8cc9-c3e6261f5c4a,true,3,,2026-08-29 04:02:06.194179+00
75500051-ea8b-464d-a204-55a207d53352,1,75996b9d-b793-4155-868b-449a063d2b12,true,3,,2026-09-18 00:57:12.060038+00
7551129d-fe23-46ec-8fa2-7b89dca7240f,12,3960d038-c199-4ec9-9192-61e08cfac5be,true,4,,2026-09-14 00:36:59.168062+00
758a3e81-811d-4ec6-b891-1d5fc19d1074,2,be9baa68-6a1a-445b-983e-1d28a4ba0a4f,true,50,,2026-09-14 00:33:33.557765+00
75a2257b-a336-4ade-b5ed-fc95b63d51d7,2,8f5aa14d-c014-473b-8d44-af08fc7238fb,true,37,,2026-08-29 03:59:12.354543+00
75ae4056-4ea8-4b46-9b8f-5bac893d60e6,12,0effda5f-f587-4e30-81b4-fdf6ea0892cf,true,2,,2026-09-09 00:54:51.15235+00
75f17aa0-f37f-44fc-bfe4-59aca61ea622,12,9bf64c00-6ad2-4bbb-878a-e1bd1ed7c664,true,4,,2026-09-17 01:01:35.418873+00
7607e921-3c41-473f-a84c-f43b78639886,12,81f99d74-df4e-46d7-be77-e3ff5812f50e,false,0,,2026-09-18 00:58:38.284124+00
7627df25-043c-4f3f-adf8-f771e4067653,12,06eb4f0b-8e0a-4de3-92b1-aadf775c0aa4,false,0,,2026-08-27 04:14:14.430857+00
76893db2-0a1d-4882-8bef-febaf069fdcc,12,8f5aa14d-c014-473b-8d44-af08fc7238fb,true,7,,2026-08-28 06:27:13.754981+00
76a0e946-ff1f-490e-8dc3-2035170558ee,12,ea3cb1ea-68fe-4723-8357-d6333898c16b,true,5,,2026-09-05 00:31:24.209788+00
76b15946-9336-4c35-b02b-4d0f83aa51aa,1,06eb4f0b-8e0a-4de3-92b1-aadf775c0aa4,false,0,,2026-09-05 00:33:17.771253+00
76bad446-12c8-4107-9733-e64e3e1597e4,12,9bf64c00-6ad2-4bbb-878a-e1bd1ed7c664,true,4,,2026-08-25 23:20:05.654884+00
76cc1dcd-b48d-4b2e-a799-c5b03e10b80c,12,8aa3c496-01a6-42d5-8cc9-c3e6261f5c4a,true,3,,2026-09-08 00:53:21.247419+00
76e1b6a7-c3c2-479a-a0e0-15ad764cc6cb,2,81f99d74-df4e-46d7-be77-e3ff5812f50e,false,0,,2026-08-24 23:20:34.242216+00
76e6f2a4-cb4d-436e-8ce7-70d8813c256c,12,cdde90d3-c7f2-484b-9d50-d359b362c86c,true,7,,2026-08-24 23:20:29.162616+00
76f16f51-0bd4-4e0a-acce-5d91129dfe18,12,2bfb9538-a407-4ddc-84e2-81274f189173,true,10,,2026-09-15 01:08:19.019597+00
7700cf04-5619-4c0b-bea8-68f4f26b1192,2,ee1d97a1-7499-48fa-9fd2-8d7e700d8b5d,true,50,,2026-08-24 23:17:26.78049+00
7716a710-9215-4957-a1b7-98ab962f4214,1,5c1d9ed6-c403-444e-aea4-876ac23e534a,true,18,,2026-09-12 00:52:24.396416+00
772e6439-3509-43f9-835b-3c16208107a4,1,9bf64c00-6ad2-4bbb-878a-e1bd1ed7c664,true,21,,2026-09-05 00:31:08.372192+00
7737c4fa-e083-41ba-a014-c5f491748185,12,acbb1997-cf3a-4b9e-bb33-c361e8262a42,true,4,,2026-09-09 00:57:13.800705+00
7743288d-4866-4872-92e8-9a89fb05d64c,1,ee1d97a1-7499-48fa-9fd2-8d7e700d8b5d,true,45,,2026-09-16 00:56:32.645936+00
775e4866-2645-4dfa-b089-216084b11bd3,12,75996b9d-b793-4155-868b-449a063d2b12,true,4,,2026-08-24 23:18:47.514716+00
77648879-8c0e-46bd-93d0-c5c672eb37f0,12,d3e0c4a0-51ff-4221-a50d-686df4e3a21f,true,1,,2026-09-04 00:38:40.519535+00
778a72a4-e188-4b2d-84bf-2632b3322bf9,1,75996b9d-b793-4155-868b-449a063d2b12,true,3,,2026-08-31 01:04:17.061952+00
77a74434-0bdb-4ce0-a145-3bc3a58bd62b,12,fa0c2bff-89f2-4bbd-9dea-a54bc057d264,true,2,,2026-09-04 00:39:56.786558+00
77a9b9c0-9b6f-464e-a229-02d9b2bbdc4d,1,8aa3c496-01a6-42d5-8cc9-c3e6261f5c4a,true,7,,2026-09-12 00:53:48.176263+00
77b15fbc-c1f1-43b7-bf93-0297be6f8f24,1,d3e0c4a0-51ff-4221-a50d-686df4e3a21f,true,9,,2026-09-16 00:58:46.332134+00
77b48711-0a04-4056-926c-07f5d674d6aa,2,06eb4f0b-8e0a-4de3-92b1-aadf775c0aa4,false,0,,2026-09-14 00:37:26.456227+00
77c3702e-f233-4bd9-b54f-2589d8297ac0,12,be9baa68-6a1a-445b-983e-1d28a4ba0a4f,true,7,,2026-08-24 21:21:22.98821+00
781c1af3-a124-4456-906a-1aa4c7012bb4,1,6e727674-f76f-44c8-88ef-7859f408961f,true,40,,2026-09-11 00:42:43.778244+00
7828a294-05c5-4371-99cc-f68c4f47f6af,1,fa0c2bff-89f2-4bbd-9dea-a54bc057d264,true,4,,2026-09-07 00:34:55.263851+00
783d6bf0-ba11-4757-ae5b-105bbd1dad6d,2,80234ad7-9552-466e-8a3a-24d9970c57d8,true,1,,2026-08-24 23:18:59.13326+00
78595585-b6a2-49a8-b7cd-35bdabd09de5,12,fa0c2bff-89f2-4bbd-9dea-a54bc057d264,true,2,,2026-08-30 01:00:07.372913+00
786908c0-01d2-4517-bd96-d3874a3c148b,2,3960d038-c199-4ec9-9192-61e08cfac5be,true,26,,2026-08-24 21:26:05.37214+00
786ca18b-9bbb-4f51-9b21-58d5fc4c0cb6,12,3960d038-c199-4ec9-9192-61e08cfac5be,true,4,,2026-09-07 00:34:33.642139+00
78859609-90f9-49f8-8e5c-9eb5130dbd6b,2,d3e0c4a0-51ff-4221-a50d-686df4e3a21f,true,9,,2026-09-03 00:57:09.817917+00
78994b67-5642-4403-8afc-2b1c8d5f133a,1,f9d49da4-1257-4533-a246-a78b1d060d11,true,21,,2026-09-10 00:44:53.89521+00
789b78ce-208e-4a12-9296-882418fd19c0,2,0effda5f-f587-4e30-81b4-fdf6ea0892cf,true,3,,2026-09-17 01:00:06.811794+00
78be33ea-87aa-49f6-9478-71794c2b94f0,12,acbb1997-cf3a-4b9e-bb33-c361e8262a42,true,4,,2026-09-18 00:57:33.595434+00
78c45006-4efa-4db8-8c6d-66fee1492679,1,3960d038-c199-4ec9-9192-61e08cfac5be,true,25,,2026-08-27 04:13:39.240354+00
78c7f765-7f84-4b97-88ba-fabff75c1829,1,88f00fde-c03b-40d0-8391-942129c05179,true,3,,2026-09-10 00:46:42.329565+00
78cdfd74-c1ce-47d3-9cc2-7f8d37cae7e9,2,d3e0c4a0-51ff-4221-a50d-686df4e3a21f,true,9,,2026-09-14 00:36:21.262313+00
78da5456-4098-4862-85e2-6abfe453e8d6,12,0effda5f-f587-4e30-81b4-fdf6ea0892cf,true,2,,2026-08-25 23:19:06.934716+00
78fcc6a0-497a-4320-a9f8-e4ad73b096aa,1,fa0c2bff-89f2-4bbd-9dea-a54bc057d264,true,4,,2026-09-16 01:00:10.625067+00
79025353-e18a-448c-ab8f-b3a5e0adf6d8,1,dea5cb3f-0c5e-4fab-a0c3-f743f4ecc299,true,31,,2026-09-06 00:25:55.630377+00
791b35ec-9a4f-4ba6-9b6c-59a4f1272631,2,80234ad7-9552-466e-8a3a-24d9970c57d8,true,1,,2026-09-05 00:31:48.652893+00
791f84f2-6dfe-45e1-839b-364c6fa83c86,12,75996b9d-b793-4155-868b-449a063d2b12,true,4,,2026-08-24 21:24:34.907464+00
794303b9-a84a-43d6-9d3a-a60741fd760b,12,06eb4f0b-8e0a-4de3-92b1-aadf775c0aa4,false,0,,2026-09-15 01:09:20.329349+00
79444998-9303-48f2-9254-fa637d48eab9,12,f9d49da4-1257-4533-a246-a78b1d060d11,true,3,,2026-08-24 21:22:33.818275+00
79527306-36cb-44fb-a1a4-7a719f48ef93,1,cdde90d3-c7f2-484b-9d50-d359b362c86c,true,17,,2026-09-13 00:34:35.945993+00
79774841-60d0-4017-a777-a989a744604a,12,3960d038-c199-4ec9-9192-61e08cfac5be,true,4,,2026-08-30 00:59:38.05694+00
799e347e-4de7-4c90-9dd3-11eaee3ff557,1,ea3cb1ea-68fe-4723-8357-d6333898c16b,true,12,,2026-09-10 00:46:15.317676+00
79ba1693-2e02-4f03-b5d7-4fb4aac8a6fc,1,75996b9d-b793-4155-868b-449a063d2b12,true,3,,2026-09-12 00:52:34.816266+00
79fe7f47-7b7a-4fc7-a5e8-64af437bc7c6,12,2bfb9538-a407-4ddc-84e2-81274f189173,true,10,,2026-08-28 06:30:37.636587+00
7a1dbe85-933a-4d56-87f4-3083abfcc8e7,1,8f5aa14d-c014-473b-8d44-af08fc7238fb,true,37,,2026-09-15 01:05:25.969701+00
7a566f7e-9b7f-4a41-ab72-17fb1ba0e5b9,2,d3e0c4a0-51ff-4221-a50d-686df4e3a21f,true,9,,2026-09-10 00:47:06.652539+00
7a5ef953-a0b2-4c90-98fe-f298121fc05b,1,acbb1997-cf3a-4b9e-bb33-c361e8262a42,true,11,,2026-08-28 06:30:12.815105+00
7a68b686-f381-461b-b525-06550d5e57e9,1,80234ad7-9552-466e-8a3a-24d9970c57d8,true,1,,2026-08-24 21:24:46.423906+00
7a6ad658-bc09-42b7-97dd-cc08f6f8a493,2,5c1d9ed6-c403-444e-aea4-876ac23e534a,true,18,,2026-09-12 00:52:28.42876+00
7a6dfe9f-419e-4ba1-aa3f-f7de5b237d79,2,0effda5f-f587-4e30-81b4-fdf6ea0892cf,true,3,,2026-09-12 00:50:43.764741+00
7a78cc2b-322b-446a-9630-b9239044dff2,2,a02ccc98-25c3-4172-b022-a0e1a2a0370e,true,11,,2026-09-16 00:59:13.610294+00
7a9c8c6a-ba23-437b-a9a1-bf333381fa09,1,2bfb9538-a407-4ddc-84e2-81274f189173,true,8,,2026-09-15 01:08:15.386211+00
7abc7a61-7583-4fac-890a-cc0f2102d765,1,6e727674-f76f-44c8-88ef-7859f408961f,true,18,,2026-09-13 00:31:33.988438+00
7ad4a70c-ad0c-460d-b129-7b66a8b1e947,1,acbb1997-cf3a-4b9e-bb33-c361e8262a42,true,11,,2026-08-24 21:24:57.926015+00
7ae49cb0-d30a-4cc5-8a9f-c8a42ea12d10,1,06eb4f0b-8e0a-4de3-92b1-aadf775c0aa4,false,0,,2026-09-11 00:46:43.021558+00
7b119797-b95f-4b17-95f0-d49decf18a0e,2,81f99d74-df4e-46d7-be77-e3ff5812f50e,false,0,,2026-09-03 00:58:24.304517+00
7b1ed7c5-551f-4d09-a2b6-4e6399bf220d,2,9bf64c00-6ad2-4bbb-878a-e1bd1ed7c664,true,21,,2026-09-13 00:32:54.425958+00
7b2e9b5b-65c9-4a1c-89f5-6f2dcb55ce55,12,67e50f5f-8560-4cef-8285-f0a7a765a91b,true,5,,2026-08-29 04:00:19.348748+00
7b319c6c-6c29-4c3f-9bb9-e1743a29d138,1,2bfb9538-a407-4ddc-84e2-81274f189173,true,8,,2026-08-25 23:21:08.620529+00
7b3bbba9-d165-41a0-9d60-066ab8d9c372,12,ea3cb1ea-68fe-4723-8357-d6333898c16b,true,5,,2026-09-06 00:26:24.232551+00
7b3bd857-117f-45d7-8bce-414c954e4cda,1,ee1d97a1-7499-48fa-9fd2-8d7e700d8b5d,true,45,,2026-08-30 00:56:56.04163+00
7b4221f7-4b81-4d40-b1de-32ab7ae86bfb,12,0effda5f-f587-4e30-81b4-fdf6ea0892cf,true,2,,2026-08-24 21:22:40.709929+00
7b48e5c0-e693-4606-9c67-bfb625549ca0,12,0effda5f-f587-4e30-81b4-fdf6ea0892cf,true,2,,2026-09-13 00:31:58.100726+00
7b667b4c-078a-44d5-8399-925fe5bcbe7a,1,8f5aa14d-c014-473b-8d44-af08fc7238fb,true,37,,2026-09-12 00:49:44.330524+00
7b8e5f23-1b61-4d09-bf8a-0e7fd4fc2435,12,ea3cb1ea-68fe-4723-8357-d6333898c16b,true,5,,2026-09-18 00:56:52.678023+00
7bac930b-e7a2-463a-ba6a-546ac532c9ed,2,ee1d97a1-7499-48fa-9fd2-8d7e700d8b5d,true,50,,2026-08-27 04:11:07.994228+00
7bb5cf63-480d-47cc-baf5-04e365f1eed2,12,fa0c2bff-89f2-4bbd-9dea-a54bc057d264,true,2,,2026-09-06 00:28:19.197098+00
7bc42b65-c993-44ae-aaf8-e24b44497174,12,80234ad7-9552-466e-8a3a-24d9970c57d8,true,10,,2026-09-12 00:52:53.177367+00
7be4ef45-63e0-44a5-8594-7178d0e3e6d6,12,ea3cb1ea-68fe-4723-8357-d6333898c16b,true,5,,2026-09-04 00:37:44.886904+00
7becf8a0-7e6f-46e3-bed7-229efcd900a2,1,a02ccc98-25c3-4172-b022-a0e1a2a0370e,true,15,,2026-08-29 04:01:55.801792+00
7bf7f0a5-2c30-4581-b623-44eccba44494,12,5c1d9ed6-c403-444e-aea4-876ac23e534a,true,3,,2026-09-17 01:02:02.450555+00
7c1d9266-db8d-424b-8940-5e0df8ec54de,12,ee1d97a1-7499-48fa-9fd2-8d7e700d8b5d,true,10,,2026-09-05 00:30:34.940827+00
7c3a5282-7de4-4839-b944-a8823629c29e,2,fa0c2bff-89f2-4bbd-9dea-a54bc057d264,true,4,,2026-09-12 00:54:35.574984+00
7c471141-97f1-4363-96d6-977df458e6a0,2,dea5cb3f-0c5e-4fab-a0c3-f743f4ecc299,true,33,,2026-09-11 00:44:05.06377+00
7c7bb8b8-fc56-4674-88ab-8fa7fdbfb335,2,cdde90d3-c7f2-484b-9d50-d359b362c86c,true,17,,2026-08-31 01:05:54.589138+00
7c8df3fd-d9a7-495f-b128-fdc61096c14d,12,75996b9d-b793-4155-868b-449a063d2b12,true,4,,2026-08-25 23:20:33.36806+00
7c9a3fcb-6b60-4c78-b237-1dce84a8b6bd,2,d3e0c4a0-51ff-4221-a50d-686df4e3a21f,true,9,,2026-08-24 23:19:21.632642+00
7cd3f6b9-7e40-402b-a015-4ad1fc517df6,1,0effda5f-f587-4e30-81b4-fdf6ea0892cf,true,2,,2026-09-03 00:54:34.365952+00
7cd69325-aab5-494e-b2c7-af47202b8e28,12,6e727674-f76f-44c8-88ef-7859f408961f,true,8,,2026-09-18 00:55:22.371736+00
7cec0724-f590-4e50-a6a6-8f5d0ee89d9c,12,06eb4f0b-8e0a-4de3-92b1-aadf775c0aa4,false,0,,2026-09-03 00:58:36.895738+00
7cf52e3b-1c0c-46bc-bfef-1f040bde2297,1,80234ad7-9552-466e-8a3a-24d9970c57d8,true,1,,2026-09-02 00:43:56.309228+00
7d238a16-8925-4764-8db6-7900bdbf6d73,12,9bf64c00-6ad2-4bbb-878a-e1bd1ed7c664,true,4,,2026-08-29 04:00:45.459846+00
7d3cde43-1bf7-47ef-86c8-fbcef8fe4540,1,6e727674-f76f-44c8-88ef-7859f408961f,true,40,,2026-09-04 00:35:51.307299+00
7d6460f8-ad8d-49cc-8ba6-e08eb4beb45d,12,3960d038-c199-4ec9-9192-61e08cfac5be,true,4,,2026-09-03 00:58:03.031056+00
7d6ec062-3c73-43c2-8b52-7d27e1d863d8,2,3960d038-c199-4ec9-9192-61e08cfac5be,true,26,,2026-09-13 00:34:28.461186+00
7d78747b-6c35-4684-ab56-b614287e06ab,2,67e50f5f-8560-4cef-8285-f0a7a765a91b,true,11,,2026-09-07 00:32:25.05048+00
7da03b01-a78c-40fc-973a-b685a422dcc3,2,9bf64c00-6ad2-4bbb-878a-e1bd1ed7c664,true,21,,2026-09-08 00:51:45.084655+00
7db5629f-1028-40f7-8df0-dc801609f662,2,88f00fde-c03b-40d0-8391-942129c05179,true,3,,2026-09-02 00:43:50.838323+00
7e36c2f3-eba7-4b3a-b678-889ca38d0a0d,12,be9baa68-6a1a-445b-983e-1d28a4ba0a4f,true,7,,2026-09-01 01:32:16.331507+00
7e4da781-8830-4955-9aee-959afe8722b6,12,8aa3c496-01a6-42d5-8cc9-c3e6261f5c4a,true,3,,2026-09-15 01:08:36.947559+00
7e7245f0-a148-46be-ae89-a94a45614736,12,dea5cb3f-0c5e-4fab-a0c3-f743f4ecc299,true,7,,2026-09-13 00:32:43.218638+00
7e889138-8ba7-4047-b775-35eb40f4b5b5,1,88f00fde-c03b-40d0-8391-942129c05179,true,3,,2026-08-29 04:01:16.712421+00
7ea881f1-96f7-4a12-a54b-57a0f06fdcc9,1,ea3cb1ea-68fe-4723-8357-d6333898c16b,true,12,,2026-08-28 06:29:23.635318+00
7eae2d5c-da8a-42fb-a445-bf2685ba9070,2,06eb4f0b-8e0a-4de3-92b1-aadf775c0aa4,false,0,,2026-09-10 00:48:14.978447+00
7f166e99-0cce-40ad-847d-ff3a2ad567f8,2,6e727674-f76f-44c8-88ef-7859f408961f,true,32,,2026-09-13 00:31:39.12151+00
7f687b7a-f6f1-4698-97ef-f30704abe132,1,ee1d97a1-7499-48fa-9fd2-8d7e700d8b5d,true,45,,2026-09-08 00:50:51.086317+00
7f992726-b009-4899-924b-9c4b4e1015c4,12,80234ad7-9552-466e-8a3a-24d9970c57d8,true,10,,2026-09-11 00:45:07.469105+00
7fce9dba-9e23-4a53-8074-22ed6f6b9a53,2,88f00fde-c03b-40d0-8391-942129c05179,true,3,,2026-09-07 00:33:26.588182+00
7ffdd523-74c7-4e50-bb37-220afce7b306,12,6e727674-f76f-44c8-88ef-7859f408961f,true,8,,2026-09-16 00:55:54.516524+00
8022b2ab-b885-4548-8b4e-f1568bed450a,12,d3e0c4a0-51ff-4221-a50d-686df4e3a21f,true,1,,2026-09-12 00:53:16.937046+00
80304a96-17ac-434b-a4c6-67074dad66fb,12,6e727674-f76f-44c8-88ef-7859f408961f,true,8,,2026-09-11 00:42:52.095447+00
80a20897-1fd7-4897-a9ac-c5968294b5f3,2,06eb4f0b-8e0a-4de3-92b1-aadf775c0aa4,false,0,,2026-09-16 01:00:18.208934+00
80ac90fb-e7be-405c-968a-7043c7a44a55,1,8aa3c496-01a6-42d5-8cc9-c3e6261f5c4a,true,7,,2026-09-03 00:57:43.151708+00
80d24b88-4cbb-4038-baf4-3410aeea9a80,12,8aa3c496-01a6-42d5-8cc9-c3e6261f5c4a,true,3,,2026-08-25 23:21:29.795184+00
80d8e86d-7e48-402b-844e-134d06192374,1,5c1d9ed6-c403-444e-aea4-876ac23e534a,true,18,,2026-08-24 21:24:21.14994+00
80dfac89-3748-40a8-832f-44bd694f7cf1,2,be9baa68-6a1a-445b-983e-1d28a4ba0a4f,true,49,,2026-09-09 00:53:37.856497+00
814879cf-b8d8-4334-a12f-38625ffad2ab,2,2bfb9538-a407-4ddc-84e2-81274f189173,true,8,,2026-09-05 00:32:12.776981+00
814bfab9-c846-4c81-b6f9-8ae067abd37d,2,8f5aa14d-c014-473b-8d44-af08fc7238fb,true,37,,2026-08-31 01:01:45.101814+00
818c7a4f-01f2-4df2-85e0-267e9b91c654,1,2bfb9538-a407-4ddc-84e2-81274f189173,true,8,,2026-09-01 01:35:56.077337+00
8199e1bc-f2f3-4c51-b2d2-2965660d2720,12,2bfb9538-a407-4ddc-84e2-81274f189173,true,10,,2026-09-13 00:33:59.03871+00
81adcc42-2965-4055-801c-20b0b5407d62,12,fa0c2bff-89f2-4bbd-9dea-a54bc057d264,true,2,,2026-09-05 00:33:13.652388+00
81ce833a-77b2-470d-b9f2-466706c97903,12,dea5cb3f-0c5e-4fab-a0c3-f743f4ecc299,true,7,,2026-09-17 01:01:20.928432+00
81eec114-7d38-4209-b5ff-d127fb42b226,12,88f00fde-c03b-40d0-8391-942129c05179,true,1,,2026-09-04 00:38:13.262163+00
825fb0dd-738a-44ec-a548-34ea4f8e3576,1,be9baa68-6a1a-445b-983e-1d28a4ba0a4f,true,50,,2026-09-09 00:53:27.114858+00
8272238f-1c17-4b0b-8717-a5840a1a582e,12,f9d49da4-1257-4533-a246-a78b1d060d11,true,3,,2026-09-01 01:33:22.320232+00
8272f506-dc2f-40db-ac8d-5eb82c9d5eaf,12,ea3cb1ea-68fe-4723-8357-d6333898c16b,true,5,,2026-09-01 01:34:54.775902+00
82c34ed5-9bf5-4351-92b8-24a3f85f62b1,2,cdde90d3-c7f2-484b-9d50-d359b362c86c,true,17,,2026-09-10 00:47:57.849901+00
82c3f705-3a5a-4cce-b06f-eed6cb660a8f,12,88f00fde-c03b-40d0-8391-942129c05179,true,1,,2026-09-03 00:56:38.777039+00
82d80db9-ce7d-46ff-9c0d-0902ae4b0940,1,dea5cb3f-0c5e-4fab-a0c3-f743f4ecc299,true,31,,2026-09-13 00:32:37.420704+00
82edfc59-d4a5-4373-9a65-91c7fc5f84e1,2,67e50f5f-8560-4cef-8285-f0a7a765a91b,true,11,,2026-09-04 00:36:58.725943+00
82f2e1bc-07b5-4694-8374-68248aa569ba,1,9bf64c00-6ad2-4bbb-878a-e1bd1ed7c664,true,12,,2026-09-17 01:01:28.955677+00
82f2f437-d431-4ba4-81cd-d3616644a6da,12,d3e0c4a0-51ff-4221-a50d-686df4e3a21f,true,1,,2026-09-02 00:44:14.935364+00
8304723f-fd12-40f2-9279-7fa2abec751d,2,ea3cb1ea-68fe-4723-8357-d6333898c16b,true,11,,2026-09-16 00:57:48.122359+00
8329ac23-65c1-477f-9bec-73ae262cb9c7,12,ee1d97a1-7499-48fa-9fd2-8d7e700d8b5d,true,10,,2026-08-25 23:19:27.719263+00
8361c44c-29c3-4d7f-b4a4-6e1bd77f37b9,1,dea5cb3f-0c5e-4fab-a0c3-f743f4ecc299,true,30,,2026-09-02 00:43:01.367869+00
8369d8dd-cfdb-44c2-9a93-dee158401280,2,9bf64c00-6ad2-4bbb-878a-e1bd1ed7c664,true,21,,2026-09-02 00:43:18.567235+00
83b5d467-4614-4f3e-8faf-69b794966c10,2,fa0c2bff-89f2-4bbd-9dea-a54bc057d264,true,4,,2026-09-03 00:58:31.244515+00
83e441d3-2366-4e58-9468-49c3d17a289a,1,75996b9d-b793-4155-868b-449a063d2b12,true,3,,2026-08-29 04:01:09.928893+00
83e5cb16-bf29-4f72-961d-6138208c5d68,2,dea5cb3f-0c5e-4fab-a0c3-f743f4ecc299,true,32,,2026-08-25 23:19:49.924016+00
84021c2e-cd92-42d9-a1bf-01ef59818b58,1,3960d038-c199-4ec9-9192-61e08cfac5be,true,25,,2026-08-24 21:25:59.841386+00
845bfe29-ad09-4637-96ed-376329630452,2,6e727674-f76f-44c8-88ef-7859f408961f,true,32,,2026-09-02 00:42:01.950759+00
846afc23-39cf-4318-be92-e2e190fabc06,2,06eb4f0b-8e0a-4de3-92b1-aadf775c0aa4,false,0,,2026-09-03 00:58:36.677764+00
849733f2-e2f4-4a84-97d4-38eff069ce81,2,06eb4f0b-8e0a-4de3-92b1-aadf775c0aa4,false,0,,2026-09-06 00:28:26.154645+00
84ac0448-fc7b-4dd5-b2a3-00bfc835f1f2,12,80234ad7-9552-466e-8a3a-24d9970c57d8,true,10,,2026-08-30 00:58:32.060444+00
84b89575-562d-4ac2-b206-0cff7ac76ba5,2,3960d038-c199-4ec9-9192-61e08cfac5be,true,26,,2026-08-30 00:59:37.136233+00
850efee6-c3d3-4aa2-9d97-91a89932e163,12,8aa3c496-01a6-42d5-8cc9-c3e6261f5c4a,true,3,,2026-08-28 06:31:01.522918+00
85118523-47f9-48ce-afef-3380c42e1840,12,88f00fde-c03b-40d0-8391-942129c05179,true,1,,2026-09-07 00:33:26.885049+00
851d81d0-8b9a-49c9-a9f4-e64a00bfa4b0,2,8f5aa14d-c014-473b-8d44-af08fc7238fb,true,36,,2026-08-24 21:21:45.891214+00
855b5f61-8e06-4c7c-a154-9c10cd2bc2ce,12,3960d038-c199-4ec9-9192-61e08cfac5be,true,4,,2026-08-25 23:21:42.626703+00
856dd724-7959-445c-8406-044b78046e2e,2,8aa3c496-01a6-42d5-8cc9-c3e6261f5c4a,true,7,,2026-09-08 00:53:20.52637+00
858abe88-ddcb-41bd-9f1e-83d8acc7ced9,2,ea3cb1ea-68fe-4723-8357-d6333898c16b,true,11,,2026-09-13 00:33:04.314564+00
85928cca-50d0-44e4-b666-f0d0d7ce4433,12,75996b9d-b793-4155-868b-449a063d2b12,true,4,,2026-09-01 01:35:15.274441+00
85afbc85-ab04-4b09-b305-ed82fe7ed41e,1,8f5aa14d-c014-473b-8d44-af08fc7238fb,true,37,,2026-09-11 00:42:21.177825+00
85d03073-13c0-4683-9b2f-7be9f551c6c7,2,81f99d74-df4e-46d7-be77-e3ff5812f50e,false,0,,2026-09-12 00:54:28.746141+00
85e717c6-cfd0-4b48-982b-b65248f95ef8,2,acbb1997-cf3a-4b9e-bb33-c361e8262a42,true,10,,2026-09-03 00:56:59.199812+00
861f3633-f8c4-4f7d-b069-2acbf9b22594,1,acbb1997-cf3a-4b9e-bb33-c361e8262a42,true,11,,2026-09-08 00:52:39.050019+00
864008f0-ae3f-4783-a6ae-3bb92352e9ee,1,5c1d9ed6-c403-444e-aea4-876ac23e534a,true,18,,2026-08-24 23:18:35.940307+00
86972ba3-7004-4747-963a-1bec7988c43a,12,67e50f5f-8560-4cef-8285-f0a7a765a91b,true,5,,2026-09-09 00:55:36.00713+00
86a79eb6-bc26-4d7d-94dc-925229e87ec1,1,67e50f5f-8560-4cef-8285-f0a7a765a91b,true,11,,2026-09-11 00:43:45.387169+00
86cb28ad-b9e5-4f9e-8cfe-a170c8d1d02c,1,67e50f5f-8560-4cef-8285-f0a7a765a91b,true,11,,2026-09-01 01:34:04.066069+00
8749ac0c-ffb8-4028-a2b3-8d601b0a6e18,12,5c1d9ed6-c403-444e-aea4-876ac23e534a,true,3,,2026-09-08 00:52:11.329716+00
877abf37-b367-4dda-9bb9-a04e8183dd17,1,3960d038-c199-4ec9-9192-61e08cfac5be,true,26,,2026-09-11 00:46:07.069743+00
879c44c3-942d-498a-b634-fb4b3d990b9d,1,2bfb9538-a407-4ddc-84e2-81274f189173,true,8,,2026-09-09 00:57:29.657955+00
87dd91c5-738d-4d64-8626-5379fceb6e08,2,cdde90d3-c7f2-484b-9d50-d359b362c86c,true,17,,2026-09-11 00:46:24.942055+00
87ef90b7-c90d-433b-aef3-b753481fcdf0,2,3960d038-c199-4ec9-9192-61e08cfac5be,true,26,,2026-09-18 00:58:22.435569+00
87f58471-94f2-4dab-8925-77f8665eda8c,2,75996b9d-b793-4155-868b-449a063d2b12,true,3,,2026-09-02 00:43:44.671383+00
881ac0da-90ef-489b-8c63-c3f8e6fe9f81,1,dea5cb3f-0c5e-4fab-a0c3-f743f4ecc299,true,31,,2026-09-17 01:01:11.518335+00
88243ac2-3123-450d-b150-4c94a41de273,1,ea3cb1ea-68fe-4723-8357-d6333898c16b,true,12,,2026-09-02 00:43:25.97323+00
8830c0ed-7b66-4dce-9611-86f51192a71b,1,cdde90d3-c7f2-484b-9d50-d359b362c86c,true,17,,2026-09-10 00:47:55.055109+00
885643ae-f3df-474e-bff9-49c1672f3107,1,dea5cb3f-0c5e-4fab-a0c3-f743f4ecc299,true,31,,2026-09-07 00:32:35.912921+00
88afe0dc-ae16-48a5-b73b-7815d4808466,12,cdde90d3-c7f2-484b-9d50-d359b362c86c,true,7,,2026-09-05 00:33:02.513075+00
88de6509-3f34-4921-b7d7-7e9a245cc625,12,9bf64c00-6ad2-4bbb-878a-e1bd1ed7c664,true,4,,2026-09-04 00:37:32.923028+00
88e79e90-f8a1-46a0-96dc-c750e4567550,2,3960d038-c199-4ec9-9192-61e08cfac5be,true,26,,2026-09-08 00:53:35.429499+00
88eea0fe-7b87-4758-b014-dcfad47a0b6c,2,a02ccc98-25c3-4172-b022-a0e1a2a0370e,true,11,,2026-09-10 00:47:24.865695+00
88f3c7b2-07e0-4772-ace0-a3049ccde167,2,ea3cb1ea-68fe-4723-8357-d6333898c16b,true,11,,2026-09-17 01:01:46.282684+00
89696d92-460f-4976-b6ed-5f1d56ca5e92,12,f9d49da4-1257-4533-a246-a78b1d060d11,true,3,,2026-08-27 04:10:39.092091+00
897ecd1f-4bf0-4abe-95a7-f15b26c55a9d,1,dea5cb3f-0c5e-4fab-a0c3-f743f4ecc299,true,31,,2026-09-04 00:37:10.492318+00
89a2a5b2-8712-4dd0-b461-d53de83da4e7,2,9bf64c00-6ad2-4bbb-878a-e1bd1ed7c664,true,21,,2026-09-12 00:52:01.857192+00
89c85812-54bd-4a32-9f9f-cdc8847830ed,2,be9baa68-6a1a-445b-983e-1d28a4ba0a4f,true,50,,2026-08-24 23:15:48.918756+00
89c912e8-e698-450c-93dc-7fbfaba9b38e,12,5c1d9ed6-c403-444e-aea4-876ac23e534a,true,3,,2026-09-11 00:44:46.484552+00
89de8099-3a85-43e1-885d-3f54e48c2271,2,cdde90d3-c7f2-484b-9d50-d359b362c86c,true,17,,2026-09-15 01:09:00.75516+00
89ee9ef3-2c2b-48ad-8f31-12b1d256efdb,2,80234ad7-9552-466e-8a3a-24d9970c57d8,true,1,,2026-09-15 01:07:50.287386+00
89fc4633-a584-4b1b-b8fe-9ee7e066f247,12,8f5aa14d-c014-473b-8d44-af08fc7238fb,true,7,,2026-08-30 00:56:01.271766+00
8a197359-d598-426a-8ecd-48e544b70291,12,acbb1997-cf3a-4b9e-bb33-c361e8262a42,true,4,,2026-09-11 00:45:18.147572+00
8a287812-718c-40c6-a542-057732c44b9d,1,d3e0c4a0-51ff-4221-a50d-686df4e3a21f,true,9,,2026-09-04 00:38:38.06046+00
8a371f00-0f87-44c0-a81a-3579a65a2b91,2,be9baa68-6a1a-445b-983e-1d28a4ba0a4f,true,49,,2026-09-10 00:44:02.341653+00
8aac685b-02f7-4f6e-a64b-371f2c4b9266,1,fa0c2bff-89f2-4bbd-9dea-a54bc057d264,true,4,,2026-09-12 00:54:34.503567+00
8b0d3902-0d6a-40d9-876d-cca4132bb79a,2,ee1d97a1-7499-48fa-9fd2-8d7e700d8b5d,true,50,,2026-09-05 00:30:32.906077+00
8b709c9b-acb6-4099-824a-0113b00f3885,1,fa0c2bff-89f2-4bbd-9dea-a54bc057d264,true,4,,2026-08-27 04:14:08.270976+00
8b71bd30-d042-4b9d-b2ce-6978158c53eb,2,88f00fde-c03b-40d0-8391-942129c05179,true,3,,2026-09-08 00:52:24.230636+00
8bb88eeb-5fbb-4302-a0bb-d888c96de07f,2,88f00fde-c03b-40d0-8391-942129c05179,true,3,,2026-09-13 00:33:27.07214+00
8bba7b0c-b00a-4ee4-9c5f-ea980addbf78,12,5c1d9ed6-c403-444e-aea4-876ac23e534a,true,3,,2026-08-28 06:29:41.451344+00
8bbd1083-999b-433e-bd2e-031b512e04dc,12,acbb1997-cf3a-4b9e-bb33-c361e8262a42,true,4,,2026-09-10 00:46:58.731094+00
8bc8e2e0-9e0f-4d05-b850-864deacb0c05,12,3960d038-c199-4ec9-9192-61e08cfac5be,true,4,,2026-09-05 00:32:47.436177+00
8befdde9-dbae-4e71-8363-611fedf76540,1,2bfb9538-a407-4ddc-84e2-81274f189173,true,8,,2026-08-28 06:30:32.487296+00
8c1edc58-be6c-4eb3-b563-052bcf0a05bf,1,fa0c2bff-89f2-4bbd-9dea-a54bc057d264,true,4,,2026-09-05 00:33:12.29747+00
8c838b64-0834-4703-a67a-d69b5e6b87a3,1,88f00fde-c03b-40d0-8391-942129c05179,true,3,,2026-09-07 00:33:25.989513+00
8cd24728-02e8-4776-a434-7eb4d8020633,12,a02ccc98-25c3-4172-b022-a0e1a2a0370e,true,6,,2026-09-17 01:03:14.585199+00
8d0ca285-ca1d-454d-adfb-7afaca6d77c3,1,0effda5f-f587-4e30-81b4-fdf6ea0892cf,true,2,,2026-09-17 01:00:05.949524+00
8d56ac6b-6b14-438d-9acd-afc8bba35fe7,2,acbb1997-cf3a-4b9e-bb33-c361e8262a42,true,10,,2026-09-09 00:57:12.818313+00
8d7ec526-6951-4546-bdb9-01f49b908c10,12,3960d038-c199-4ec9-9192-61e08cfac5be,true,4,,2026-09-10 00:47:47.341854+00
8d8d1247-9342-467d-9e13-b1a000657aaf,12,be9baa68-6a1a-445b-983e-1d28a4ba0a4f,true,7,,2026-09-02 00:41:26.923408+00
8dd3e524-49f7-493a-83b0-d75cdbe7ad9a,12,81f99d74-df4e-46d7-be77-e3ff5812f50e,false,0,,2026-09-11 00:46:31.928674+00
8e01c867-20c7-45dc-b0a1-cf628165b83c,2,ea3cb1ea-68fe-4723-8357-d6333898c16b,true,11,,2026-09-06 00:26:23.15938+00
8e435740-8db4-44a5-a3b7-14ea4b7baf3a,2,88f00fde-c03b-40d0-8391-942129c05179,true,3,,2026-08-29 04:01:17.269556+00
8e76ddde-cf22-4142-9c54-d0bb7e108339,12,8f5aa14d-c014-473b-8d44-af08fc7238fb,true,7,,2026-09-15 01:05:33.275847+00
8e81a3b5-e1b0-4361-8618-c66a66704db2,12,67e50f5f-8560-4cef-8285-f0a7a765a91b,true,5,,2026-09-14 00:34:56.746877+00
8e98029c-64a9-4c99-bf94-404538f1003b,12,fa0c2bff-89f2-4bbd-9dea-a54bc057d264,true,2,,2026-08-25 23:22:03.878+00
8ea44b65-6f0a-4c34-a414-65963b0df9d7,2,75996b9d-b793-4155-868b-449a063d2b12,true,3,,2026-09-07 00:33:18.597894+00
8ed426d4-9eb2-4fb0-b64c-ee240de48637,1,67e50f5f-8560-4cef-8285-f0a7a765a91b,true,11,,2026-09-15 01:06:37.908107+00
8ee9d199-d01d-401c-a6a6-c5a5d4a5722d,12,2bfb9538-a407-4ddc-84e2-81274f189173,true,10,,2026-09-06 00:27:24.261721+00
8f045586-c801-4742-936e-e64816f15439,1,80234ad7-9552-466e-8a3a-24d9970c57d8,true,1,,2026-09-09 00:56:59.985667+00
8f0e8237-3d81-4c71-a4b6-9f3a73136240,2,fa0c2bff-89f2-4bbd-9dea-a54bc057d264,true,4,,2026-09-15 01:09:15.555085+00
8f13c5bd-1b92-4b96-924f-f0112893d83d,2,8aa3c496-01a6-42d5-8cc9-c3e6261f5c4a,true,7,,2026-09-05 00:32:32.836546+00
8f1f50ba-5919-4dca-a5f4-d316dd1be914,12,cdde90d3-c7f2-484b-9d50-d359b362c86c,true,7,,2026-09-06 00:28:07.140996+00
8f4f0dc9-e8c9-4595-bc03-b435c6452f02,1,0effda5f-f587-4e30-81b4-fdf6ea0892cf,true,2,,2026-09-13 00:31:57.050191+00
8f60d165-04e7-4c7e-a374-2b6281eb50e5,12,ea3cb1ea-68fe-4723-8357-d6333898c16b,true,5,,2026-08-25 23:20:15.80348+00
8fc1fa0b-6d64-4be3-891a-30d52a7c63c2,12,67e50f5f-8560-4cef-8285-f0a7a765a91b,true,5,,2026-09-08 00:51:13.582615+00
8fc6ebc2-ced7-4384-a91d-1a00737ae6b1,1,2bfb9538-a407-4ddc-84e2-81274f189173,true,8,,2026-09-18 00:57:50.672185+00
8ff8bfa7-7bf1-4860-9b87-d0995997bfc6,12,f9d49da4-1257-4533-a246-a78b1d060d11,true,3,,2026-09-08 00:50:29.853684+00
902995d7-a2b5-4fd8-8f3e-881fbf92ede2,1,cdde90d3-c7f2-484b-9d50-d359b362c86c,true,17,,2026-08-31 01:05:51.115717+00
903c4953-527f-4d6b-9a40-6565531634dd,1,d3e0c4a0-51ff-4221-a50d-686df4e3a21f,true,9,,2026-08-24 23:19:19.600161+00
9095fc55-160f-458b-b436-d5a285154f7b,12,f9d49da4-1257-4533-a246-a78b1d060d11,true,3,,2026-09-18 00:55:34.216662+00
90a69b92-c82f-4d1e-a78a-425a50f23f60,2,3960d038-c199-4ec9-9192-61e08cfac5be,true,26,,2026-09-02 00:44:54.143398+00
90af2fff-f0be-4de7-bd10-3dc5a8276970,1,75996b9d-b793-4155-868b-449a063d2b12,true,3,,2026-09-09 00:56:45.620671+00
90b03717-e7b5-4daf-af3d-26b64d3b0caa,1,be9baa68-6a1a-445b-983e-1d28a4ba0a4f,true,50,,2026-08-28 06:26:35.864483+00
90cc29d1-fdb0-45a1-a6fb-0e41eb7a1df1,1,acbb1997-cf3a-4b9e-bb33-c361e8262a42,true,11,,2026-09-18 00:57:31.430574+00
90cefeee-5a13-4df4-9536-08c1a5aff4db,2,a02ccc98-25c3-4172-b022-a0e1a2a0370e,true,12,,2026-09-03 00:57:34.27274+00
90de4de8-aa71-42fc-8084-63f085995c11,12,ee1d97a1-7499-48fa-9fd2-8d7e700d8b5d,true,10,,2026-08-30 00:57:07.775489+00
91456d92-5d81-4253-bdfa-74a02ac34b1a,1,9bf64c00-6ad2-4bbb-878a-e1bd1ed7c664,true,21,,2026-09-12 00:51:57.139427+00
91a2e72c-c8ca-48da-83be-9a3924650518,1,2bfb9538-a407-4ddc-84e2-81274f189173,true,8,,2026-09-16 00:58:56.557071+00
91c95671-c565-4daa-a18e-d4ef6f6a1866,12,fa0c2bff-89f2-4bbd-9dea-a54bc057d264,true,2,,2026-09-18 00:58:44.184773+00
91f06208-2582-4cbe-9e68-3023318a4322,2,cdde90d3-c7f2-484b-9d50-d359b362c86c,true,17,,2026-08-28 06:31:33.63769+00
9229e452-e498-4a4d-9ce2-5f9997909278,2,06eb4f0b-8e0a-4de3-92b1-aadf775c0aa4,false,0,,2026-09-02 00:45:28.353647+00
923a51b9-fcad-4e3a-8b2c-84e0ebfd6a2e,1,fa0c2bff-89f2-4bbd-9dea-a54bc057d264,true,4,,2026-09-17 01:04:11.505726+00
92632ae7-9856-4faf-aa61-2bc7d6391f52,12,a02ccc98-25c3-4172-b022-a0e1a2a0370e,true,6,,2026-09-18 00:58:03.506033+00
9272f647-96d2-41d2-91c3-33a4e2e30576,12,ee1d97a1-7499-48fa-9fd2-8d7e700d8b5d,true,10,,2026-09-02 00:42:43.432391+00
9298d61a-b506-443e-ba9a-3dae5181b809,1,88f00fde-c03b-40d0-8391-942129c05179,true,3,,2026-09-12 00:52:43.750628+00
92a3e939-2adc-42a4-825f-ff2428dcdc04,2,6e727674-f76f-44c8-88ef-7859f408961f,true,32,,2026-08-24 21:22:13.814789+00
92d3afad-d824-4075-85ef-575840475b9e,1,6e727674-f76f-44c8-88ef-7859f408961f,true,40,,2026-09-15 01:05:45.690219+00
92dd33aa-1e4c-4c1a-a961-6b011ae89905,1,ee1d97a1-7499-48fa-9fd2-8d7e700d8b5d,true,45,,2026-09-05 00:30:25.254795+00
92e177e8-c9bd-47aa-85ba-4d43d53af3e8,1,3960d038-c199-4ec9-9192-61e08cfac5be,true,26,,2026-09-05 00:32:42.496457+00
9342fac8-ada1-4a42-9130-9580a01065ec,1,a02ccc98-25c3-4172-b022-a0e1a2a0370e,true,15,,2026-09-05 00:32:21.629602+00
937de270-1f5b-4b2f-985b-ae7773365a7f,12,d3e0c4a0-51ff-4221-a50d-686df4e3a21f,true,1,,2026-09-15 01:08:09.954517+00
93cc854e-77c6-4be7-90ff-ad327c9e347f,2,06eb4f0b-8e0a-4de3-92b1-aadf775c0aa4,false,0,,2026-08-28 06:31:52.788136+00
93d390ef-6590-4066-8dd7-95633d16f36b,1,be9baa68-6a1a-445b-983e-1d28a4ba0a4f,true,50,,2026-08-27 04:09:30.839834+00
93d4f7e6-b1fa-449c-8aed-aa9efcb60080,1,ee1d97a1-7499-48fa-9fd2-8d7e700d8b5d,true,45,,2026-09-11 00:43:26.546704+00
93f27bc5-f6f0-4781-96df-00b4d7100dab,2,f9d49da4-1257-4533-a246-a78b1d060d11,true,22,,2026-08-24 23:16:54.23635+00
93fd14e5-08f3-4b9b-a5e9-a510e14d1c49,2,be9baa68-6a1a-445b-983e-1d28a4ba0a4f,true,49,,2026-09-15 01:05:13.019654+00
941a3f4f-fd03-431f-9252-22168a8940db,2,ee1d97a1-7499-48fa-9fd2-8d7e700d8b5d,true,50,,2026-09-02 00:42:41.265344+00
944ff0bc-cb4b-4a97-84df-bb17ca801c5e,1,8aa3c496-01a6-42d5-8cc9-c3e6261f5c4a,true,7,,2026-09-18 00:58:08.897968+00
947cb03a-d134-48fe-85b9-fc3b681b22ba,2,2bfb9538-a407-4ddc-84e2-81274f189173,true,8,,2026-09-07 00:33:57.911854+00
94a841e0-fb9d-4325-818e-e6a5e0b7b20d,12,88f00fde-c03b-40d0-8391-942129c05179,true,1,,2026-09-17 01:02:17.285296+00
94ac8c46-66d7-4b79-bdbd-f30f9cbab3a5,12,9bf64c00-6ad2-4bbb-878a-e1bd1ed7c664,true,4,,2026-09-15 01:07:08.88829+00
94aca587-1734-4e6c-b8b1-78c390ec2e88,1,81f99d74-df4e-46d7-be77-e3ff5812f50e,true,1,,2026-09-18 00:58:38.011434+00
94b1cb98-86ca-4b1c-bb3e-0de77b360eb2,2,8f5aa14d-c014-473b-8d44-af08fc7238fb,true,37,,2026-09-12 00:49:52.530179+00
94b66019-2c0b-4ce8-a78f-f7b5409d2d30,1,6e727674-f76f-44c8-88ef-7859f408961f,true,40,,2026-08-27 04:10:16.580985+00
94b88884-a433-47e4-af9f-ae43db549068,1,acbb1997-cf3a-4b9e-bb33-c361e8262a42,true,11,,2026-08-24 23:19:08.700311+00
94d200bd-639d-4b2f-a8ad-aec74f83b297,2,ee1d97a1-7499-48fa-9fd2-8d7e700d8b5d,true,50,,2026-08-28 06:28:26.370164+00
94e0e36b-f876-47bb-b5fd-73916da8b335,1,3960d038-c199-4ec9-9192-61e08cfac5be,true,25,,2026-08-25 23:21:37.960694+00
9503e7d0-b574-43a0-949a-544a2ef3cd3f,12,06eb4f0b-8e0a-4de3-92b1-aadf775c0aa4,false,0,,2026-08-29 04:02:43.945416+00
9531a859-7681-433f-ae3b-69e7383704ba,1,ee1d97a1-7499-48fa-9fd2-8d7e700d8b5d,true,44,,2026-08-24 23:17:16.955939+00
953c6bbd-d0d9-4f7c-ba30-a33c1b890d6d,12,ee1d97a1-7499-48fa-9fd2-8d7e700d8b5d,true,10,,2026-08-28 06:28:29.369175+00
95529762-4507-4976-b0c8-99e53366330b,2,0effda5f-f587-4e30-81b4-fdf6ea0892cf,true,3,,2026-09-06 00:25:15.168575+00
958693fd-9560-453e-b43b-7afc35a4977a,12,cdde90d3-c7f2-484b-9d50-d359b362c86c,true,7,,2026-08-31 01:05:56.749622+00
9587c9c6-92f6-4a44-ad21-13cb456dc91f,2,8aa3c496-01a6-42d5-8cc9-c3e6261f5c4a,true,7,,2026-09-06 00:27:41.52647+00
95a05941-1666-412f-8bbc-c20e3b14f1fa,2,2bfb9538-a407-4ddc-84e2-81274f189173,true,8,,2026-09-12 00:53:25.133455+00
95ff852d-f975-4d59-b2c0-f14d3e7bcc4b,2,0effda5f-f587-4e30-81b4-fdf6ea0892cf,true,3,,2026-09-09 00:54:50.518466+00
966340a4-3e5b-4b24-9b36-c04f4373498d,12,6e727674-f76f-44c8-88ef-7859f408961f,true,8,,2026-08-27 04:10:24.977146+00
9690d000-1b47-4812-a88b-0f85a426d490,12,d3e0c4a0-51ff-4221-a50d-686df4e3a21f,true,1,,2026-09-17 01:02:46.711877+00
96ed1c85-8bcc-46e6-a6a0-21cc20094360,1,9bf64c00-6ad2-4bbb-878a-e1bd1ed7c664,true,20,,2026-08-29 04:00:41.475254+00
975e3d85-792c-43b4-92e0-02807b1d43bf,12,0effda5f-f587-4e30-81b4-fdf6ea0892cf,true,2,,2026-09-07 00:31:50.855826+00
97909373-6a96-413d-b9ef-c13cce2786de,1,8aa3c496-01a6-42d5-8cc9-c3e6261f5c4a,true,7,,2026-09-08 00:53:19.106639+00
982ae555-4b54-41f2-a9c7-178b79a03fe7,2,be9baa68-6a1a-445b-983e-1d28a4ba0a4f,true,49,,2026-09-03 00:53:15.28749+00
982b4a04-087e-4282-8497-f3d56ff6ab71,1,6e727674-f76f-44c8-88ef-7859f408961f,true,40,,2026-08-31 01:02:02.94783+00
9855d424-f85e-4174-be94-774ac180ade0,2,ee1d97a1-7499-48fa-9fd2-8d7e700d8b5d,true,50,,2026-09-03 00:55:03.148766+00
98ab88a1-f1c7-48cf-8a7a-4212ddb33e69,12,ee1d97a1-7499-48fa-9fd2-8d7e700d8b5d,true,10,,2026-09-09 00:55:18.885244+00
98e4685f-02da-44b9-aab8-5a728888b8a6,12,81f99d74-df4e-46d7-be77-e3ff5812f50e,false,0,,2026-09-13 00:34:44.669723+00
98f1f13f-db3b-44a6-88b2-352918bcf830,2,67e50f5f-8560-4cef-8285-f0a7a765a91b,true,11,,2026-09-18 00:56:12.534572+00
98f8b92c-c9b2-44e4-bf9d-4a7c66d202bd,1,81f99d74-df4e-46d7-be77-e3ff5812f50e,true,1,,2026-09-03 00:58:24.083594+00
99010f3b-1e7a-4814-ba5c-035d6c470cf8,1,fa0c2bff-89f2-4bbd-9dea-a54bc057d264,true,4,,2026-08-24 23:20:39.743631+00
992da8bf-7861-40a2-91d2-2279238ae3fc,12,80234ad7-9552-466e-8a3a-24d9970c57d8,true,10,,2026-09-06 00:26:54.461449+00
9934dbe3-e7af-492c-837d-6bf5b49c9c73,1,a02ccc98-25c3-4172-b022-a0e1a2a0370e,true,15,,2026-08-24 23:19:43.886579+00
99512609-4007-4a27-b64f-b14f31d10e02,2,8aa3c496-01a6-42d5-8cc9-c3e6261f5c4a,true,7,,2026-08-28 06:31:00.67425+00
9964e5c5-39ab-41b3-8324-64b549655b84,1,9bf64c00-6ad2-4bbb-878a-e1bd1ed7c664,true,21,,2026-09-10 00:46:04.000063+00
99673ecb-629a-4192-ab8a-fa951ec2c7c3,1,d3e0c4a0-51ff-4221-a50d-686df4e3a21f,true,9,,2026-09-15 01:08:07.890612+00
996d851d-8c36-452e-ad01-b49339f8e75d,1,acbb1997-cf3a-4b9e-bb33-c361e8262a42,true,11,,2026-09-04 00:38:28.49112+00
99734e51-3152-4d1c-9387-59239e0bbd72,1,5c1d9ed6-c403-444e-aea4-876ac23e534a,true,18,,2026-09-15 01:07:28.946543+00
9994c61e-0f45-45a3-8b07-4a780c0b9597,12,0effda5f-f587-4e30-81b4-fdf6ea0892cf,true,2,,2026-09-11 00:43:13.307338+00
999efe11-ec81-4a9f-97f6-ea4501963f28,12,ea3cb1ea-68fe-4723-8357-d6333898c16b,true,5,,2026-09-03 00:56:09.979085+00
99a1c425-14a4-4996-a84c-dd44a6bf59cf,2,5c1d9ed6-c403-444e-aea4-876ac23e534a,true,18,,2026-09-16 00:58:02.672257+00
99a4e3d9-11e1-4678-bf03-dab2243c190a,12,a02ccc98-25c3-4172-b022-a0e1a2a0370e,true,6,,2026-09-02 00:44:34.91861+00
99e2cea4-a37b-4e33-bf64-0800a68fc9df,1,0effda5f-f587-4e30-81b4-fdf6ea0892cf,true,2,,2026-08-30 00:56:41.667119+00
9a335ba4-f56b-453e-98b9-1d818da1a227,2,67e50f5f-8560-4cef-8285-f0a7a765a91b,true,11,,2026-09-08 00:51:12.082298+00
9a65d686-5a7e-4a1c-ba06-12ff97ef0813,12,88f00fde-c03b-40d0-8391-942129c05179,true,1,,2026-09-02 00:43:51.139883+00
9ac7ec30-dcd6-432e-afac-0328ea0fa956,12,80234ad7-9552-466e-8a3a-24d9970c57d8,true,10,,2026-08-31 01:04:34.658081+00
9b20d560-15f8-41d3-8125-905ca5db8ce1,2,f9d49da4-1257-4533-a246-a78b1d060d11,true,4,,2026-09-08 00:50:29.091842+00
9b631d90-71c6-40c4-81fd-0257394a932e,2,acbb1997-cf3a-4b9e-bb33-c361e8262a42,true,10,,2026-08-28 06:30:15.193195+00
9b6fb120-6bed-4696-8d94-b84c7c0a7a09,12,8f5aa14d-c014-473b-8d44-af08fc7238fb,true,7,,2026-09-13 00:31:25.616427+00
9b75f228-6a5c-4e66-aa42-4fe95bb56639,2,ea3cb1ea-68fe-4723-8357-d6333898c16b,true,11,,2026-08-28 06:29:26.231298+00
9bb56c99-bee6-4001-9cf3-24058e5f3f91,1,2bfb9538-a407-4ddc-84e2-81274f189173,true,8,,2026-09-13 00:33:55.910202+00
9c2add91-f1da-4118-896d-f68252d4b20b,12,2bfb9538-a407-4ddc-84e2-81274f189173,true,10,,2026-08-27 04:13:07.311275+00
9c418d88-491a-4ec7-83df-a755cb92d6b4,12,6e727674-f76f-44c8-88ef-7859f408961f,true,8,,2026-08-25 23:18:49.328295+00
9cd24e9e-a223-4c88-9d0d-df4f3ab25136,12,9bf64c00-6ad2-4bbb-878a-e1bd1ed7c664,true,4,,2026-08-27 04:11:52.659066+00
9d01e819-ca94-43d9-aa7e-a4a7a58c5dad,2,5c1d9ed6-c403-444e-aea4-876ac23e534a,true,18,,2026-09-14 00:35:45.810326+00
9d0d0c6e-b5ba-4505-8a34-e3539bb10285,1,80234ad7-9552-466e-8a3a-24d9970c57d8,true,1,,2026-09-18 00:57:23.405144+00
9d31ea4f-d30c-4e82-9e9a-463213b5356d,2,acbb1997-cf3a-4b9e-bb33-c361e8262a42,true,10,,2026-08-25 23:20:54.25012+00
9d7a48c4-72fe-435a-a9a6-abce7e21db51,1,a02ccc98-25c3-4172-b022-a0e1a2a0370e,true,15,,2026-08-28 06:30:46.222126+00
9dac92ef-2114-40ba-a002-71853d417e81,2,2bfb9538-a407-4ddc-84e2-81274f189173,true,8,,2026-08-25 23:21:09.968482+00
9daef036-71e3-4684-bbb6-2d2c84fb91d1,2,3960d038-c199-4ec9-9192-61e08cfac5be,true,26,,2026-08-27 04:13:44.334395+00
9dc0dbf8-3a7c-4ebf-94d7-856281db86d2,12,acbb1997-cf3a-4b9e-bb33-c361e8262a42,true,4,,2026-09-05 00:31:58.492452+00
9de35fc0-81f1-48b0-9388-3aa1f9965b24,1,fa0c2bff-89f2-4bbd-9dea-a54bc057d264,true,4,,2026-09-13 00:34:49.718916+00
9dfc4d34-4ae8-4fcc-b1ce-89899cfbbd1b,12,cdde90d3-c7f2-484b-9d50-d359b362c86c,true,7,,2026-08-30 00:59:54.710863+00
9e3191dc-8575-4562-b90a-c4eea7c6abb0,1,ee1d97a1-7499-48fa-9fd2-8d7e700d8b5d,true,45,,2026-09-06 00:25:27.40552+00
9e36c419-7b63-4c51-95a0-5b7802952034,12,80234ad7-9552-466e-8a3a-24d9970c57d8,true,10,,2026-08-24 21:24:50.442833+00
9e4ba874-cb21-49b7-9099-b82fcdda39eb,2,acbb1997-cf3a-4b9e-bb33-c361e8262a42,true,10,,2026-08-30 00:58:41.107739+00
9e7e792f-20ac-4834-953b-931d96310563,12,fa0c2bff-89f2-4bbd-9dea-a54bc057d264,true,2,,2026-09-09 00:58:43.633674+00
9e8c2c4a-6ef6-42f2-b981-0a6d72df86a7,1,be9baa68-6a1a-445b-983e-1d28a4ba0a4f,true,50,,2026-08-30 00:55:28.379262+00
9ed8469b-b770-4a92-9320-b7f9efd14aa5,2,81f99d74-df4e-46d7-be77-e3ff5812f50e,false,0,,2026-09-01 01:36:58.540475+00
9edc1835-9e9e-4e37-85e0-75b990f6f58d,1,88f00fde-c03b-40d0-8391-942129c05179,true,3,,2026-08-27 04:12:28.372771+00
9ef062c3-c9ee-419b-9087-862c91eab78c,2,f9d49da4-1257-4533-a246-a78b1d060d11,true,22,,2026-08-31 01:02:27.080827+00
9f1bbc20-1de0-41af-b928-72f55b1548cb,2,3960d038-c199-4ec9-9192-61e08cfac5be,true,26,,2026-08-31 01:05:41.811781+00
9f2bba0d-6b4f-46b4-9b3b-1f59601071b3,12,5c1d9ed6-c403-444e-aea4-876ac23e534a,true,3,,2026-09-07 00:33:13.278474+00
9f4408a5-c602-4755-81ca-a2a5b29c1d5d,12,67e50f5f-8560-4cef-8285-f0a7a765a91b,true,5,,2026-09-04 00:37:00.216989+00
9f4f9bec-0cca-4a05-afc5-2af5b7b6ae0a,1,0effda5f-f587-4e30-81b4-fdf6ea0892cf,true,2,,2026-08-28 06:27:59.273704+00
9f50258e-6b97-4948-98c6-9ae90728237f,12,fa0c2bff-89f2-4bbd-9dea-a54bc057d264,true,2,,2026-08-31 01:06:09.978148+00
9f528dc0-0d57-4616-8336-8c1b924cf78d,12,be9baa68-6a1a-445b-983e-1d28a4ba0a4f,true,7,,2026-09-09 00:53:40.630573+00
9f956116-111f-4f88-8a91-95182ef426ed,2,ee1d97a1-7499-48fa-9fd2-8d7e700d8b5d,true,50,,2026-09-11 00:43:35.663993+00
9fc3a987-f153-4d45-b2cb-3872306df035,12,9bf64c00-6ad2-4bbb-878a-e1bd1ed7c664,true,4,,2026-08-31 01:03:45.837223+00
9fed162f-6edf-4ca1-a89b-1cdda93cee03,2,80234ad7-9552-466e-8a3a-24d9970c57d8,true,1,,2026-09-06 00:26:52.298596+00
a01a215d-6fc7-478e-afcc-98f7170d2169,1,f9d49da4-1257-4533-a246-a78b1d060d11,true,21,,2026-08-24 23:16:49.615544+00
a036393d-a71c-4598-8b6b-595cdfcda9d5,12,fa0c2bff-89f2-4bbd-9dea-a54bc057d264,true,2,,2026-08-29 04:02:39.668349+00
a04aeec5-56aa-47c6-a675-083304be319b,2,ee1d97a1-7499-48fa-9fd2-8d7e700d8b5d,true,50,,2026-09-18 00:55:58.315661+00
a053f621-70eb-4f03-9b21-1e1a273e8be1,12,8aa3c496-01a6-42d5-8cc9-c3e6261f5c4a,true,3,,2026-09-16 00:59:25.262467+00
a08138a9-f2e8-4ced-8a54-a527ecd4af83,1,5c1d9ed6-c403-444e-aea4-876ac23e534a,true,18,,2026-09-04 00:37:52.677371+00
a0c34acb-9f39-463e-8600-f6b8186217ee,2,8f5aa14d-c014-473b-8d44-af08fc7238fb,true,37,,2026-09-11 00:42:27.920152+00
a0d09f1f-ee07-4daf-8dea-77f4393e16a5,2,8aa3c496-01a6-42d5-8cc9-c3e6261f5c4a,true,7,,2026-08-27 04:13:29.040564+00
a0e593e3-3fd3-426e-a6b0-aa18f4c1c324,1,75996b9d-b793-4155-868b-449a063d2b12,true,3,,2026-08-24 21:24:31.871352+00
a152b0d9-18a2-42ba-99e5-fa731374bb42,12,9bf64c00-6ad2-4bbb-878a-e1bd1ed7c664,true,4,,2026-09-01 01:34:42.856182+00
a155bb61-ab51-448e-b6bc-fa8ba5f39eed,1,ee1d97a1-7499-48fa-9fd2-8d7e700d8b5d,true,45,,2026-09-03 00:54:51.687687+00
a190c36d-ff74-4652-98aa-8dc700d413e1,2,be9baa68-6a1a-445b-983e-1d28a4ba0a4f,true,49,,2026-09-05 00:29:16.177468+00
a21b299c-e410-4bc3-905e-1f6721239ff2,1,81f99d74-df4e-46d7-be77-e3ff5812f50e,true,1,,2026-09-06 00:28:11.868066+00
a24e323a-7828-4286-b3a6-5809d1607bd2,2,88f00fde-c03b-40d0-8391-942129c05179,true,3,,2026-08-25 23:20:38.43239+00
a25fff45-3dce-4aaf-97c0-b03514c4a366,2,cdde90d3-c7f2-484b-9d50-d359b362c86c,true,17,,2026-09-17 01:03:55.091856+00
a2da3acd-9dac-49aa-ba2e-95413c57d997,12,d3e0c4a0-51ff-4221-a50d-686df4e3a21f,true,1,,2026-09-06 00:27:14.802683+00
a2e25058-f54d-47d0-a842-bc1d45b5c005,1,3960d038-c199-4ec9-9192-61e08cfac5be,true,26,,2026-09-06 00:27:50.301505+00
a2f1ea17-bf2a-491b-82ef-f8bc6a105a32,1,3960d038-c199-4ec9-9192-61e08cfac5be,true,25,,2026-09-03 00:57:56.535188+00
a3021203-e104-4758-b904-d4592e878077,1,3960d038-c199-4ec9-9192-61e08cfac5be,true,25,,2026-08-31 01:05:36.532976+00
a334e241-2112-4b1f-af19-6513adda85bb,2,0effda5f-f587-4e30-81b4-fdf6ea0892cf,true,3,,2026-09-11 00:43:12.757585+00
a34be5f5-80e6-431c-bf40-a266e0c622f0,2,ea3cb1ea-68fe-4723-8357-d6333898c16b,true,11,,2026-09-14 00:35:35.415496+00
a34c117f-5787-40ee-97dc-0d160b29c538,1,8f5aa14d-c014-473b-8d44-af08fc7238fb,true,37,,2026-09-07 00:31:03.329913+00
a35532fe-1ef4-41ba-8aad-ab4e511c6b73,12,75996b9d-b793-4155-868b-449a063d2b12,true,4,,2026-09-14 00:35:52.972401+00
a3a425cd-6e1c-4f1e-a760-41732e39d1df,2,8aa3c496-01a6-42d5-8cc9-c3e6261f5c4a,true,7,,2026-09-11 00:45:55.939737+00
a3d84519-63fc-4cf8-8cda-9842a2328a74,2,fa0c2bff-89f2-4bbd-9dea-a54bc057d264,true,4,,2026-09-02 00:45:23.843038+00
a3f768e4-ddc1-460b-a806-b31d0e296e23,2,cdde90d3-c7f2-484b-9d50-d359b362c86c,true,17,,2026-09-16 00:59:56.407383+00
a4002286-d5fe-4c1b-83b3-63707f3fc2d1,1,cdde90d3-c7f2-484b-9d50-d359b362c86c,true,17,,2026-09-17 01:03:50.947587+00
a40113dc-f799-40ee-a71c-df2a08df4d3b,1,67e50f5f-8560-4cef-8285-f0a7a765a91b,true,11,,2026-09-07 00:32:23.152994+00
a4165c94-b555-4433-b489-79bef8122b4b,2,88f00fde-c03b-40d0-8391-942129c05179,true,3,,2026-09-03 00:56:38.36042+00
a48b1c52-0977-497b-b810-0182afa13a18,1,f9d49da4-1257-4533-a246-a78b1d060d11,true,21,,2026-09-01 01:33:16.723297+00
a4fea443-b1f2-439b-8a87-c7225aec8161,12,acbb1997-cf3a-4b9e-bb33-c361e8262a42,true,4,,2026-09-16 00:58:39.260391+00
a5063de4-f22c-4120-825b-a366d64d3236,1,be9baa68-6a1a-445b-983e-1d28a4ba0a4f,true,50,,2026-09-10 00:43:53.481452+00
a508de05-16e5-4a33-92c7-fd2dc7a5176c,2,dea5cb3f-0c5e-4fab-a0c3-f743f4ecc299,true,33,,2026-09-09 00:55:54.371393+00
a50bef7f-0a65-4186-ae13-97c094864e6d,12,f9d49da4-1257-4533-a246-a78b1d060d11,true,3,,2026-09-05 00:30:04.184624+00
a529a864-0d07-4cd9-bb33-3c267338037e,12,5c1d9ed6-c403-444e-aea4-876ac23e534a,true,3,,2026-08-24 21:24:26.200088+00
a5b19a9c-5287-4727-844f-d192691dc40c,2,5c1d9ed6-c403-444e-aea4-876ac23e534a,true,18,,2026-08-27 04:12:14.389092+00
a5cd4892-4555-4c0f-9ed4-d157f9504cfa,1,2bfb9538-a407-4ddc-84e2-81274f189173,true,8,,2026-09-11 00:45:32.878615+00
a5e31d1c-2bfd-4f7d-afe7-0bb4e99e839b,12,9bf64c00-6ad2-4bbb-878a-e1bd1ed7c664,true,4,,2026-09-07 00:32:53.463688+00
a5e8f147-9b72-48ef-bd35-cb890cde57bc,12,acbb1997-cf3a-4b9e-bb33-c361e8262a42,true,4,,2026-08-27 04:12:47.816006+00
a6106a89-3bdb-4b9f-b534-3b3769b1d577,2,67e50f5f-8560-4cef-8285-f0a7a765a91b,true,11,,2026-09-03 00:55:16.593407+00
a65fde5e-6e85-4429-a1d1-f96afb86e558,12,dea5cb3f-0c5e-4fab-a0c3-f743f4ecc299,true,7,,2026-08-31 01:03:30.623012+00
a677a333-481f-455a-a8fa-a83872c32cd8,1,a02ccc98-25c3-4172-b022-a0e1a2a0370e,true,14,,2026-09-18 00:58:00.203328+00
a695ecf6-59a5-4ce7-a0a9-3bdbbc4776e0,1,06eb4f0b-8e0a-4de3-92b1-aadf775c0aa4,false,0,,2026-09-17 01:04:18.51716+00
a6d35bba-d4d7-459d-aa95-7d63c3bd1493,12,81f99d74-df4e-46d7-be77-e3ff5812f50e,false,0,,2026-08-31 01:06:02.916671+00
a6d7e8c8-245f-46fc-b9d5-a74d817d6d19,1,dea5cb3f-0c5e-4fab-a0c3-f743f4ecc299,true,29,,2026-08-25 23:19:45.051807+00
a6f11c4c-7f6e-42a4-9584-3201b55c1c31,12,a02ccc98-25c3-4172-b022-a0e1a2a0370e,true,6,,2026-09-15 01:08:29.558169+00
a6fd9f87-c32a-4d06-923c-27f753e035af,12,8f5aa14d-c014-473b-8d44-af08fc7238fb,true,7,,2026-08-29 03:59:13.745426+00
a7366168-e275-4f30-be50-14f7033a7e17,1,67e50f5f-8560-4cef-8285-f0a7a765a91b,true,11,,2026-09-04 00:36:56.425959+00
a73a9ad3-63f0-4bb6-9919-0e464bcdf18d,1,ea3cb1ea-68fe-4723-8357-d6333898c16b,true,12,,2026-08-24 23:18:24.614143+00
a73fde77-2217-4d23-8248-4fbe3bf93af8,12,dea5cb3f-0c5e-4fab-a0c3-f743f4ecc299,true,7,,2026-08-24 23:18:00.790146+00
a747638b-7252-4941-956f-b12db9ba045e,12,6e727674-f76f-44c8-88ef-7859f408961f,true,8,,2026-08-28 06:27:38.609687+00
a76771e4-4085-4892-b09f-23529cd88611,2,80234ad7-9552-466e-8a3a-24d9970c57d8,true,1,,2026-09-09 00:57:00.754816+00
a7697122-e048-4a8a-af50-d55e15332eeb,2,8aa3c496-01a6-42d5-8cc9-c3e6261f5c4a,true,7,,2026-08-31 01:05:26.431936+00
a78e9a38-88c0-4cbc-9ee7-c488ed4c84d8,1,81f99d74-df4e-46d7-be77-e3ff5812f50e,true,1,,2026-09-10 00:48:04.170759+00
a7b2f2b3-4460-4c06-963f-89266b6989bb,1,3960d038-c199-4ec9-9192-61e08cfac5be,true,26,,2026-09-12 00:54:01.174402+00
a7c3a8e2-acab-4f73-aeae-2b20b5d1c656,2,cdde90d3-c7f2-484b-9d50-d359b362c86c,true,17,,2026-08-30 00:59:52.73402+00
a7cc2a3d-12f9-4c5c-b187-4c572352da04,12,f9d49da4-1257-4533-a246-a78b1d060d11,true,3,,2026-09-02 00:42:16.211972+00
a7efd24c-aa49-40f6-adca-0e7da729f878,2,a02ccc98-25c3-4172-b022-a0e1a2a0370e,true,12,,2026-08-27 04:13:17.785102+00
a7f8e75c-844f-4cc8-b1f7-59569588b749,2,75996b9d-b793-4155-868b-449a063d2b12,true,3,,2026-08-31 01:04:17.892092+00
a7f8f27f-e14b-47e4-bb58-2ab382f1ec79,2,81f99d74-df4e-46d7-be77-e3ff5812f50e,false,0,,2026-09-10 00:48:04.322021+00
a81f77be-6e11-4a87-9827-c18781734413,12,fa0c2bff-89f2-4bbd-9dea-a54bc057d264,true,2,,2026-09-17 01:04:14.008441+00
a84de1bc-93e4-4ca7-bac1-7afedde51f22,1,8f5aa14d-c014-473b-8d44-af08fc7238fb,true,36,,2026-08-25 23:18:19.973323+00
a88136a8-dda2-4727-b3b4-1ca4345c0f65,1,dea5cb3f-0c5e-4fab-a0c3-f743f4ecc299,true,29,,2026-08-30 00:57:27.311628+00
a8e49518-a61f-4d1b-a20b-7e90fde09d4a,2,ea3cb1ea-68fe-4723-8357-d6333898c16b,true,11,,2026-09-07 00:33:02.192121+00
a8ef120e-8b16-43a0-958b-3658b2b32af6,2,cdde90d3-c7f2-484b-9d50-d359b362c86c,true,17,,2026-08-24 23:20:27.126565+00
a9075bc2-e24d-42dc-b097-836a10cf2f5d,1,f9d49da4-1257-4533-a246-a78b1d060d11,true,21,,2026-08-25 23:18:57.518853+00
a9325d08-fddb-43e2-81da-a754bc779276,12,81f99d74-df4e-46d7-be77-e3ff5812f50e,false,0,,2026-08-29 04:02:33.887855+00
a98e3b6e-49a3-4961-b734-8311c44135c7,12,6e727674-f76f-44c8-88ef-7859f408961f,true,8,,2026-08-31 01:02:12.165643+00
a9d2b1bb-c01d-40a9-afe5-639843b9fb7b,12,81f99d74-df4e-46d7-be77-e3ff5812f50e,false,0,,2026-09-04 00:39:49.191008+00
a9e47f09-11dc-472c-9fc2-b7e95caa2b9b,1,81f99d74-df4e-46d7-be77-e3ff5812f50e,true,1,,2026-08-24 21:26:26.831195+00
a9f6ba96-b452-4d8c-923e-c73aa14c2e69,12,88f00fde-c03b-40d0-8391-942129c05179,true,1,,2026-08-30 00:58:24.378807+00
aa3cbb6e-71ad-435c-b3b4-0ae614e7eca4,2,75996b9d-b793-4155-868b-449a063d2b12,true,3,,2026-09-16 00:58:10.324831+00
aa3f0c0b-5d58-428b-9072-84a3c6a3f386,1,ee1d97a1-7499-48fa-9fd2-8d7e700d8b5d,true,45,,2026-08-31 01:02:48.337943+00
aa595bc7-f5ff-4f9d-a269-f67a0f052299,1,d3e0c4a0-51ff-4221-a50d-686df4e3a21f,true,9,,2026-08-24 21:25:08.71545+00
aa660d20-39e3-402b-a2a3-e7c92c966ade,1,f9d49da4-1257-4533-a246-a78b1d060d11,true,21,,2026-09-05 00:30:00.3185+00
aa9c07bd-3673-4639-9b0a-92cf2f987e86,12,88f00fde-c03b-40d0-8391-942129c05179,true,1,,2026-09-18 00:57:19.190904+00
aaad6194-d2fd-4d8d-ac7a-e3cf5159ada1,1,cdde90d3-c7f2-484b-9d50-d359b362c86c,true,17,,2026-09-06 00:28:02.796741+00
aae1d8fd-d459-4b97-9f89-6b13df8f3599,12,ee1d97a1-7499-48fa-9fd2-8d7e700d8b5d,true,10,,2026-09-04 00:36:49.966772+00
aaf0d200-9992-4faa-8b26-376ece7f9d15,2,acbb1997-cf3a-4b9e-bb33-c361e8262a42,true,10,,2026-09-17 01:02:35.187993+00
ab23996d-cb55-4ff2-85e8-58bc9d50919d,1,6e727674-f76f-44c8-88ef-7859f408961f,true,40,,2026-09-08 00:50:08.855191+00
ab29ccff-6ac0-44fc-be16-19c6afa5c938,1,ea3cb1ea-68fe-4723-8357-d6333898c16b,true,12,,2026-09-01 01:34:50.883321+00
ab4f850e-bbf7-491e-bf3c-6a44436054ae,2,0effda5f-f587-4e30-81b4-fdf6ea0892cf,true,3,,2026-09-10 00:45:03.545035+00
ab8ae922-ef55-449f-83bc-511bd6123ce8,12,ee1d97a1-7499-48fa-9fd2-8d7e700d8b5d,true,10,,2026-09-12 00:51:15.103241+00
abbd6a70-bd91-4735-bdfd-47ee1627c8c2,1,81f99d74-df4e-46d7-be77-e3ff5812f50e,true,1,,2026-08-29 04:02:33.584751+00
abc77970-1b99-4160-b64e-9673c0c5e06c,1,80234ad7-9552-466e-8a3a-24d9970c57d8,true,1,,2026-09-08 00:52:29.332206+00
abd93067-db95-4dc1-895d-380888fc647f,1,80234ad7-9552-466e-8a3a-24d9970c57d8,true,1,,2026-08-25 23:20:43.749505+00
abdfe891-33a6-4c45-be22-321e207cd753,1,8f5aa14d-c014-473b-8d44-af08fc7238fb,true,37,,2026-09-05 00:29:27.614734+00
abebb56b-053a-40c3-9566-44d60090db40,1,0effda5f-f587-4e30-81b4-fdf6ea0892cf,true,2,,2026-09-01 01:33:27.314056+00
abee9872-ca0c-4cc4-8a99-ceffa4e98dbd,2,f9d49da4-1257-4533-a246-a78b1d060d11,true,22,,2026-09-16 00:56:10.214059+00
ac01f937-0577-4bcd-9d45-6debd2e1787d,2,ea3cb1ea-68fe-4723-8357-d6333898c16b,true,11,,2026-09-04 00:37:43.530095+00
ac06fc97-3811-46e6-a25b-574718fd9b25,1,06eb4f0b-8e0a-4de3-92b1-aadf775c0aa4,false,0,,2026-08-29 04:02:43.642503+00
ac318ac8-734e-4205-a41d-4e7af7a3da6c,1,80234ad7-9552-466e-8a3a-24d9970c57d8,true,1,,2026-09-16 00:58:25.222223+00
ac68907b-047b-4f8b-ae86-7d8fb207389a,12,ee1d97a1-7499-48fa-9fd2-8d7e700d8b5d,true,10,,2026-09-08 00:51:03.108709+00
ac755102-8a22-4276-ad33-b48fb296918e,1,0effda5f-f587-4e30-81b4-fdf6ea0892cf,true,2,,2026-09-16 00:56:16.099525+00
ac78e4f3-2b46-4fda-87f9-ccb8d28ea334,2,ee1d97a1-7499-48fa-9fd2-8d7e700d8b5d,true,50,,2026-09-12 00:51:12.138412+00
aca6d916-d847-48a8-b784-8d7bd8175b04,1,0effda5f-f587-4e30-81b4-fdf6ea0892cf,true,2,,2026-09-07 00:31:49.835907+00
acc78696-08ed-4ae1-8997-136a8582bc87,2,6e727674-f76f-44c8-88ef-7859f408961f,true,32,,2026-09-11 00:42:49.940735+00
ad0fec43-1dec-4573-a45a-14f53c3492e7,12,80234ad7-9552-466e-8a3a-24d9970c57d8,true,10,,2026-08-27 04:12:38.052551+00
ad3db006-b3e5-41c9-bf59-e1df71ecb761,12,8f5aa14d-c014-473b-8d44-af08fc7238fb,true,7,,2026-09-03 00:53:45.191164+00
ad461a8d-713c-47c0-832b-9864ed09a3cd,1,6e727674-f76f-44c8-88ef-7859f408961f,true,39,,2026-09-09 00:54:18.893684+00
ad4c3a77-9227-448c-9b21-51a9e8320551,2,88f00fde-c03b-40d0-8391-942129c05179,true,3,,2026-09-06 00:26:47.298578+00
ad618ee4-0665-40b9-b5cb-9ad3b54f50d3,12,81f99d74-df4e-46d7-be77-e3ff5812f50e,false,0,,2026-09-15 01:09:09.416249+00
ada3a8f1-6da9-43c5-ab62-7fb67ddf2ac9,12,dea5cb3f-0c5e-4fab-a0c3-f743f4ecc299,true,7,,2026-09-12 00:51:47.122256+00
ada95035-2c2a-468f-bb6a-9798aac3cd1f,2,6e727674-f76f-44c8-88ef-7859f408961f,true,32,,2026-09-16 00:55:51.993884+00
adc07b91-027a-4281-8882-fd0a5562a80f,1,88f00fde-c03b-40d0-8391-942129c05179,true,3,,2026-09-04 00:38:12.115389+00
add3bb3a-6da4-4b3b-9089-5161f585e466,1,dea5cb3f-0c5e-4fab-a0c3-f743f4ecc299,true,31,,2026-09-16 00:57:10.244056+00
ae057908-1cd0-4fbc-b8d9-26473f7b62b0,2,5c1d9ed6-c403-444e-aea4-876ac23e534a,true,18,,2026-08-24 23:18:39.547761+00
ae087788-c7df-4813-b29e-6884ba820efd,1,3960d038-c199-4ec9-9192-61e08cfac5be,true,25,,2026-08-29 04:02:13.834997+00
ae18131e-0611-48a6-a347-afc1a39a5e3f,1,fa0c2bff-89f2-4bbd-9dea-a54bc057d264,true,4,,2026-08-28 06:31:46.401235+00
ae4d3956-20ad-4e35-9120-884763d7ff76,2,acbb1997-cf3a-4b9e-bb33-c361e8262a42,true,10,,2026-09-14 00:36:13.201235+00
ae70ded6-ad0c-4608-8ab5-29351d4c3920,12,acbb1997-cf3a-4b9e-bb33-c361e8262a42,true,4,,2026-09-17 01:02:36.235515+00
ae9345f3-b64c-42f5-a944-2647aa594b7f,12,6e727674-f76f-44c8-88ef-7859f408961f,true,8,,2026-09-04 00:36:00.272198+00
aef8f131-042e-44ee-923f-21614f83e22b,12,6e727674-f76f-44c8-88ef-7859f408961f,true,8,,2026-08-30 00:56:23.103646+00
af11ac06-b6e8-4119-9eb5-89fa470d3c46,2,8aa3c496-01a6-42d5-8cc9-c3e6261f5c4a,true,7,,2026-09-09 00:57:56.314548+00
af1a361f-3a34-455a-9b79-154a820a3089,2,dea5cb3f-0c5e-4fab-a0c3-f743f4ecc299,true,33,,2026-09-12 00:51:45.444888+00
af1c1305-342b-4a5e-8080-a82f3b96f46d,2,f9d49da4-1257-4533-a246-a78b1d060d11,true,22,,2026-09-15 01:06:04.470083+00
af32e04f-b9af-4e2a-93de-ad6bb65234b2,2,81f99d74-df4e-46d7-be77-e3ff5812f50e,false,0,,2026-09-07 00:34:50.251957+00
af46fbd8-5448-4ee9-87c1-07326003ffdb,12,ee1d97a1-7499-48fa-9fd2-8d7e700d8b5d,true,10,,2026-08-29 04:00:08.913676+00
af57f42c-f4e0-4f49-8c8d-39fb2e6fdc0f,1,ea3cb1ea-68fe-4723-8357-d6333898c16b,true,11,,2026-09-17 01:01:43.616959+00
af5c3428-d819-4a05-b27e-788c66e47cc3,1,dea5cb3f-0c5e-4fab-a0c3-f743f4ecc299,true,29,,2026-08-24 21:23:34.565989+00
af5d22be-39b1-444a-baf2-c3515737b392,12,acbb1997-cf3a-4b9e-bb33-c361e8262a42,true,4,,2026-09-01 01:35:40.283304+00
af7bbb53-fe3f-4ea0-bfc1-4f81a08b8be0,12,06eb4f0b-8e0a-4de3-92b1-aadf775c0aa4,false,0,,2026-09-06 00:28:26.304374+00
af81345b-f085-490a-bc87-cc5aa138e0eb,12,be9baa68-6a1a-445b-983e-1d28a4ba0a4f,true,7,,2026-09-17 00:58:54.317596+00
af9b1afc-0984-4b2e-b8b8-743b8e1605d3,1,8aa3c496-01a6-42d5-8cc9-c3e6261f5c4a,true,7,,2026-09-02 00:44:40.104573+00
afaa7eae-2530-440c-851d-43f2cb09a422,2,75996b9d-b793-4155-868b-449a063d2b12,true,3,,2026-09-06 00:26:40.540325+00
afd842f1-4193-422a-9716-15e830e78c1b,1,d3e0c4a0-51ff-4221-a50d-686df4e3a21f,true,9,,2026-09-02 00:44:12.945048+00
b005d21e-1756-4956-9e05-274a74d967be,1,be9baa68-6a1a-445b-983e-1d28a4ba0a4f,true,50,,2026-09-11 00:41:56.759831+00
b02636c3-b718-404d-b3cd-b3f31cd74d27,1,0effda5f-f587-4e30-81b4-fdf6ea0892cf,true,2,,2026-08-24 21:22:39.172534+00
b0820e46-3513-4c70-aa23-7dcee7b62e51,12,d3e0c4a0-51ff-4221-a50d-686df4e3a21f,true,1,,2026-09-16 00:58:49.003693+00
b0907766-3040-4c01-abbd-54d722fdda50,1,d3e0c4a0-51ff-4221-a50d-686df4e3a21f,true,9,,2026-09-03 00:57:07.536454+00
b0a24698-533f-4c72-92e2-89c564702e32,1,9bf64c00-6ad2-4bbb-878a-e1bd1ed7c664,true,21,,2026-08-24 23:18:10.065654+00
b1059492-deb9-4b53-839a-318f9cfa2ea5,2,6e727674-f76f-44c8-88ef-7859f408961f,true,32,,2026-08-24 23:16:38.075038+00
b1105d9e-2fa3-4def-a377-776bd95b0c61,12,5c1d9ed6-c403-444e-aea4-876ac23e534a,true,3,,2026-09-04 00:37:57.075079+00
b14146c2-26cf-466c-8394-a1deb9292849,1,9bf64c00-6ad2-4bbb-878a-e1bd1ed7c664,true,21,,2026-09-03 00:55:51.35535+00
b14ebe4a-6900-4b4e-927a-7e95c7b7ee34,12,a02ccc98-25c3-4172-b022-a0e1a2a0370e,true,6,,2026-09-08 00:53:13.010825+00
b1845b38-7b70-42a4-a9f8-cff07ae94853,2,f9d49da4-1257-4533-a246-a78b1d060d11,true,22,,2026-09-18 00:55:33.420481+00
b2420a08-c7bd-49b4-a091-9523b7fc0dce,12,cdde90d3-c7f2-484b-9d50-d359b362c86c,true,7,,2026-09-12 00:54:23.237431+00
b2540559-f8c5-41a4-ae55-cdd68f16a11b,1,dea5cb3f-0c5e-4fab-a0c3-f743f4ecc299,true,29,,2026-08-24 23:17:52.818053+00
b26c3d00-bede-4c6e-aca8-306b9ceb3f94,2,5c1d9ed6-c403-444e-aea4-876ac23e534a,true,18,,2026-09-05 00:31:31.002367+00
b30bf35f-5a6b-4067-a29b-17e5c24d32ae,1,88f00fde-c03b-40d0-8391-942129c05179,true,3,,2026-09-03 00:56:37.535577+00
b390c1cb-6db7-4f87-9287-8f7781b002bd,1,ea3cb1ea-68fe-4723-8357-d6333898c16b,true,12,,2026-09-03 00:56:05.772311+00
b4263b7c-9b9c-439b-9715-56fc6c392953,1,6e727674-f76f-44c8-88ef-7859f408961f,true,40,,2026-09-17 00:59:35.008058+00
b4384fc1-15e0-4608-9bcf-599f4f89b4de,2,cdde90d3-c7f2-484b-9d50-d359b362c86c,true,17,,2026-08-27 04:13:56.483487+00
b4563a06-4a0d-4129-959d-6cdfc324322b,2,88f00fde-c03b-40d0-8391-942129c05179,true,3,,2026-09-18 00:57:18.880488+00
b4639409-d9a3-4c2c-896c-2718a52a0f12,2,80234ad7-9552-466e-8a3a-24d9970c57d8,true,1,,2026-09-16 00:58:25.639151+00
b4721a56-231e-415e-a655-ab3945f1db4c,12,80234ad7-9552-466e-8a3a-24d9970c57d8,true,10,,2026-09-18 00:57:25.573834+00
b49fb021-3f5b-454f-a8f7-3f8a0bfa6321,1,a02ccc98-25c3-4172-b022-a0e1a2a0370e,true,14,,2026-09-17 01:03:08.981856+00
b4b05428-d9bf-45cd-afb1-6f82b6a7c8db,12,3960d038-c199-4ec9-9192-61e08cfac5be,true,4,,2026-09-04 00:39:30.312312+00
b4b1022f-20b2-4a4b-8582-2f5b3bb1bf3b,12,ea3cb1ea-68fe-4723-8357-d6333898c16b,true,5,,2026-09-11 00:44:33.706482+00
b4b40fdf-7f36-4756-bc4f-db3711b2b162,2,dea5cb3f-0c5e-4fab-a0c3-f743f4ecc299,true,32,,2026-09-03 00:55:38.748904+00
b4e0a084-4e8f-4b81-a432-1ac953e7013e,1,be9baa68-6a1a-445b-983e-1d28a4ba0a4f,true,50,,2026-09-08 00:49:22.301775+00
b524e1d5-6945-41e6-9e1d-dc2676b1345f,2,cdde90d3-c7f2-484b-9d50-d359b362c86c,true,17,,2026-09-05 00:33:00.973873+00
b5344815-de84-4f04-97b2-03d5c0f167ab,1,81f99d74-df4e-46d7-be77-e3ff5812f50e,true,1,,2026-09-14 00:37:15.049968+00
b590567d-84da-4a74-a7a1-e1968532f806,12,5c1d9ed6-c403-444e-aea4-876ac23e534a,true,3,,2026-09-18 00:57:06.748471+00
b6060315-8bcc-4467-bd72-ffd13cb1f3d9,1,80234ad7-9552-466e-8a3a-24d9970c57d8,true,1,,2026-09-01 01:35:26.582702+00
b645b02c-8e93-41ce-be66-3322f92e80e7,2,cdde90d3-c7f2-484b-9d50-d359b362c86c,true,17,,2026-09-02 00:45:11.21993+00
b649380a-d35c-45eb-9433-42187436103a,1,f9d49da4-1257-4533-a246-a78b1d060d11,true,21,,2026-09-03 00:54:23.445778+00
b6596684-b5fc-4864-8652-32ebc4623f01,12,75996b9d-b793-4155-868b-449a063d2b12,true,4,,2026-09-18 00:57:13.574339+00
b69d0db1-e50a-4a75-842b-ab378023c7e4,1,2bfb9538-a407-4ddc-84e2-81274f189173,true,8,,2026-09-08 00:52:56.854206+00
b6aa1642-ee76-4094-b5cc-d3c51c592ec3,12,be9baa68-6a1a-445b-983e-1d28a4ba0a4f,true,7,,2026-08-29 03:58:57.056149+00
b6f4127c-31df-40e0-bcb5-3c9f2d24e8d4,2,be9baa68-6a1a-445b-983e-1d28a4ba0a4f,true,49,,2026-09-01 01:32:13.636016+00
b720ad28-1c1a-48bf-bb38-8635053d394e,1,f9d49da4-1257-4533-a246-a78b1d060d11,true,21,,2026-09-14 00:34:19.256624+00
b7eee85e-80f3-4f76-a11b-a5d512662533,1,cdde90d3-c7f2-484b-9d50-d359b362c86c,true,15,,2026-09-09 00:58:23.829072+00
b8063ee0-e5c0-4497-b0b0-c785df711bc5,1,80234ad7-9552-466e-8a3a-24d9970c57d8,true,1,,2026-08-31 01:04:31.460057+00
b814bc95-6b9a-45b1-8fee-c3f7d7abcbe0,12,75996b9d-b793-4155-868b-449a063d2b12,true,4,,2026-08-30 00:58:18.339949+00
b824333f-4779-4809-a9ba-7a3d3698bb60,1,6e727674-f76f-44c8-88ef-7859f408961f,true,40,,2026-09-01 01:32:55.29299+00
b85f2f2d-5e4e-4d38-9085-15af7dcb5e91,1,06eb4f0b-8e0a-4de3-92b1-aadf775c0aa4,false,0,,2026-08-24 21:26:39.653972+00
b8656d12-e84d-4ae0-ab6b-be99e73c0eea,12,2bfb9538-a407-4ddc-84e2-81274f189173,true,10,,2026-09-12 00:53:28.095132+00
b8711019-ff07-4ebe-b632-5c86d4f6747c,1,fa0c2bff-89f2-4bbd-9dea-a54bc057d264,true,4,,2026-09-18 00:58:43.000845+00
b896fa22-a7f7-4ef6-8e3d-c4c73a08b7d6,12,0effda5f-f587-4e30-81b4-fdf6ea0892cf,true,2,,2026-09-06 00:25:15.63443+00
b8b799c3-9bcd-4968-97f4-d690258deb41,2,81f99d74-df4e-46d7-be77-e3ff5812f50e,false,0,,2026-08-27 04:14:02.85249+00
b8ccf45b-13c8-4fcc-a7dc-7dd14609391e,12,f9d49da4-1257-4533-a246-a78b1d060d11,true,3,,2026-09-17 01:00:00.455621+00
b8d19949-a376-4e94-b036-a5a8999d1b7e,1,6e727674-f76f-44c8-88ef-7859f408961f,true,40,,2026-08-29 03:59:25.160502+00
b8d9405f-2021-43d8-9f81-fb52c66471d8,12,cdde90d3-c7f2-484b-9d50-d359b362c86c,true,7,,2026-09-10 00:47:59.625801+00
b916e761-8d34-47e2-be97-ad3a3b14fc1d,1,8f5aa14d-c014-473b-8d44-af08fc7238fb,true,37,,2026-09-01 01:32:29.541225+00
b91ca5fe-a255-437c-a322-d33bb5e1cdac,2,f9d49da4-1257-4533-a246-a78b1d060d11,true,22,,2026-08-30 00:56:36.266629+00
b9a99a87-23e7-4af1-b319-0b6646fee30b,12,75996b9d-b793-4155-868b-449a063d2b12,true,4,,2026-09-16 00:58:11.793646+00
b9b9e064-2654-402e-a3d3-3b8f65497324,12,06eb4f0b-8e0a-4de3-92b1-aadf775c0aa4,false,0,,2026-09-13 00:34:55.287747+00
b9dd5a95-a645-4edd-ae54-b1102380153e,1,8aa3c496-01a6-42d5-8cc9-c3e6261f5c4a,true,7,,2026-09-16 00:59:22.736231+00
ba1bf628-d358-4803-a6b8-153b30dff8c6,1,75996b9d-b793-4155-868b-449a063d2b12,true,3,,2026-09-15 01:07:37.475661+00
ba1d1aa5-d19a-466c-9261-15dbcdeaf354,2,5c1d9ed6-c403-444e-aea4-876ac23e534a,true,18,,2026-08-28 06:29:40.475342+00
ba99ef8a-965a-45f2-b2b1-5b4060c40945,2,3960d038-c199-4ec9-9192-61e08cfac5be,true,26,,2026-09-15 01:08:49.613008+00
bab66b0a-043a-4a28-93cc-d0ab56a39e9e,1,9bf64c00-6ad2-4bbb-878a-e1bd1ed7c664,true,21,,2026-08-25 23:20:01.443691+00
bad95e7e-3919-4930-973d-885b36d36386,1,5c1d9ed6-c403-444e-aea4-876ac23e534a,true,18,,2026-09-13 00:33:12.452805+00
badf387a-0303-44b6-b6b6-d6d1224ac47e,2,2bfb9538-a407-4ddc-84e2-81274f189173,true,8,,2026-09-15 01:08:16.782691+00
baff1866-8601-461a-ac12-250cc972d9f0,1,ea3cb1ea-68fe-4723-8357-d6333898c16b,true,12,,2026-08-31 01:03:55.669304+00
bb08fc15-3241-4397-a45b-ed705b2dca73,12,f9d49da4-1257-4533-a246-a78b1d060d11,true,3,,2026-09-06 00:25:08.669647+00
bb3cd2ba-6ffc-4d1e-9d86-559c22976cba,2,dea5cb3f-0c5e-4fab-a0c3-f743f4ecc299,true,33,,2026-09-07 00:32:40.703289+00
bb54f2d8-7c93-4647-836b-870a4049893d,12,67e50f5f-8560-4cef-8285-f0a7a765a91b,true,5,,2026-08-27 04:11:20.20908+00
bb696c37-3a71-4b04-bca0-499c8d0f0486,2,f9d49da4-1257-4533-a246-a78b1d060d11,true,22,,2026-09-17 00:59:59.611765+00
bb714374-3689-4b44-85b7-6f5fd2d6625b,2,80234ad7-9552-466e-8a3a-24d9970c57d8,true,1,,2026-08-25 23:20:44.05757+00
bbdf0a78-6938-4a37-a182-236e2ed120c4,2,ea3cb1ea-68fe-4723-8357-d6333898c16b,true,11,,2026-08-24 21:24:11.031776+00
bbf78bf5-3f93-48b5-8d95-05c9e42511e8,1,2bfb9538-a407-4ddc-84e2-81274f189173,true,8,,2026-09-07 00:33:56.549998+00
bbfeec7b-d853-4646-8bda-daa55c5a31cf,1,acbb1997-cf3a-4b9e-bb33-c361e8262a42,true,11,,2026-08-27 04:12:44.925755+00
bc24c52e-0661-4ea8-96e0-350d274cd2cc,1,3960d038-c199-4ec9-9192-61e08cfac5be,true,26,,2026-09-15 01:08:45.361009+00
bc362814-9805-4a68-9e2f-537d2b374332,1,5c1d9ed6-c403-444e-aea4-876ac23e534a,true,18,,2026-09-11 00:44:42.227746+00
bc7b33bb-8a1e-4f8d-be05-b20c444d26d1,12,8f5aa14d-c014-473b-8d44-af08fc7238fb,true,7,,2026-08-25 23:18:27.516712+00
bc88fabd-ca31-4161-b982-f3d9cebdc000,12,cdde90d3-c7f2-484b-9d50-d359b362c86c,true,6,,2026-08-27 04:13:58.064962+00
bcf4335a-b6bc-4898-9071-e040dab79e81,1,81f99d74-df4e-46d7-be77-e3ff5812f50e,true,1,,2026-09-09 00:58:34.666076+00
bd1013cd-d612-4c21-b651-095b7d78c9f9,12,8aa3c496-01a6-42d5-8cc9-c3e6261f5c4a,true,3,,2026-09-11 00:45:56.66203+00
bd32afd9-69b6-4d18-959e-c8038384063f,12,81f99d74-df4e-46d7-be77-e3ff5812f50e,false,0,,2026-09-17 01:04:03.061936+00
bd7d0272-41a4-4b76-b217-9860dd653049,12,81f99d74-df4e-46d7-be77-e3ff5812f50e,false,0,,2026-08-28 06:31:40.71869+00
bdcbbf3c-0448-4812-a313-658d7b792fdb,2,5c1d9ed6-c403-444e-aea4-876ac23e534a,true,18,,2026-08-25 23:20:25.852931+00
bdd7d424-f355-4e6b-a8e3-c63413cf5d91,1,8f5aa14d-c014-473b-8d44-af08fc7238fb,true,37,,2026-08-29 03:59:06.797934+00
bdf3d1b5-cb55-4c3c-9536-2abf6ff1b353,1,dea5cb3f-0c5e-4fab-a0c3-f743f4ecc299,true,29,,2026-08-29 04:00:27.467332+00
be28f08f-6a86-47ce-a7f2-957c77ad520b,2,cdde90d3-c7f2-484b-9d50-d359b362c86c,true,17,,2026-09-09 00:58:27.724187+00
be3b7428-47dd-4eab-b516-7a2098772386,1,8f5aa14d-c014-473b-8d44-af08fc7238fb,true,37,,2026-09-17 00:59:07.670043+00
be500a3f-b826-40f6-9a6e-0a863859a80d,12,67e50f5f-8560-4cef-8285-f0a7a765a91b,true,5,,2026-09-13 00:32:28.89726+00
be7f07c8-5798-40df-8e5a-60776a91a271,12,75996b9d-b793-4155-868b-449a063d2b12,true,4,,2026-09-07 00:33:19.559643+00
be88e978-faec-47fa-8fe4-782aad651f90,12,ea3cb1ea-68fe-4723-8357-d6333898c16b,true,5,,2026-08-28 06:29:27.75645+00
be8f3f5e-fe85-44e4-a255-807ed3f513bb,1,cdde90d3-c7f2-484b-9d50-d359b362c86c,true,17,,2026-09-05 00:32:58.215154+00
be8fc249-3463-4fd6-81bd-85117d14d2f1,1,06eb4f0b-8e0a-4de3-92b1-aadf775c0aa4,false,0,,2026-09-07 00:35:00.375955+00
bea74614-168a-4b3d-9cbf-405abdf4ad1d,2,6e727674-f76f-44c8-88ef-7859f408961f,true,32,,2026-09-18 00:55:20.689942+00
beb9a024-d6bc-4471-91f2-fe47f572278b,2,d3e0c4a0-51ff-4221-a50d-686df4e3a21f,true,9,,2026-08-24 21:25:10.850281+00
bed07288-f462-40e3-9268-a53d352e2e2b,12,be9baa68-6a1a-445b-983e-1d28a4ba0a4f,true,7,,2026-09-16 00:55:01.249676+00
bf0874cd-e7f0-41a4-bfac-725098818384,2,8aa3c496-01a6-42d5-8cc9-c3e6261f5c4a,true,7,,2026-09-02 00:44:41.327855+00
bf2d93c7-ab62-452d-9fa0-62051ba5343d,2,2bfb9538-a407-4ddc-84e2-81274f189173,true,8,,2026-09-09 00:57:31.491275+00
bf3528b9-40fb-42b0-bdbb-2c31874a12ba,1,67e50f5f-8560-4cef-8285-f0a7a765a91b,true,11,,2026-09-14 00:34:53.963751+00
bfe0016c-0a47-49b8-80cc-37eb4aef4d9d,2,be9baa68-6a1a-445b-983e-1d28a4ba0a4f,true,50,,2026-08-27 04:09:40.287843+00
c0205c24-1545-4fba-afe6-7f707eb9a827,1,80234ad7-9552-466e-8a3a-24d9970c57d8,true,1,,2026-09-12 00:52:49.808182+00
c05c8262-12a7-41a4-9d97-9f8b2d3a1b62,1,0effda5f-f587-4e30-81b4-fdf6ea0892cf,true,2,,2026-09-18 00:55:39.12742+00
c0847736-114a-4da9-a872-64516d4a11bb,2,75996b9d-b793-4155-868b-449a063d2b12,true,3,,2026-09-14 00:35:52.0199+00
c0d6a910-2497-4e73-b9bb-f6da36d9875c,1,0effda5f-f587-4e30-81b4-fdf6ea0892cf,true,2,,2026-08-31 01:02:32.718884+00
c1214c5f-3e6d-47e8-afc8-9ec24accad8a,12,80234ad7-9552-466e-8a3a-24d9970c57d8,true,10,,2026-09-04 00:38:21.35299+00
c1635429-fe93-4129-9512-dd7f939852f1,12,2bfb9538-a407-4ddc-84e2-81274f189173,true,10,,2026-09-08 00:53:00.96637+00
c185a42c-be02-481e-b41b-388c2be958fd,12,0effda5f-f587-4e30-81b4-fdf6ea0892cf,true,2,,2026-09-16 00:56:17.587357+00
c1aa4507-b371-4b44-a328-5185518c293f,2,6e727674-f76f-44c8-88ef-7859f408961f,true,32,,2026-09-15 01:05:50.77762+00
c1b5904e-f5e0-48e8-8ce7-4df4c6dd62c2,1,80234ad7-9552-466e-8a3a-24d9970c57d8,true,1,,2026-09-04 00:38:18.195284+00
c1cda735-e86e-4ac3-9e9f-8b751ecae754,1,75996b9d-b793-4155-868b-449a063d2b12,true,3,,2026-08-24 23:18:45.453521+00
c2283e5a-033d-4f5e-a32e-a6ee1097decb,2,88f00fde-c03b-40d0-8391-942129c05179,true,3,,2026-08-27 04:12:29.175042+00
c25e0f2c-ff65-4acd-851d-a04430647612,2,cdde90d3-c7f2-484b-9d50-d359b362c86c,true,17,,2026-09-07 00:34:43.848702+00
c2931a4d-7a7f-4511-8768-3dc02b795251,1,cdde90d3-c7f2-484b-9d50-d359b362c86c,true,17,,2026-09-03 00:58:12.594968+00
c306b8c0-419c-488f-b63c-cf6987272427,12,6e727674-f76f-44c8-88ef-7859f408961f,true,8,,2026-09-06 00:24:56.717095+00
c33fb60c-7f18-40fd-b314-511b38d6133c,12,a02ccc98-25c3-4172-b022-a0e1a2a0370e,true,6,,2026-09-05 00:32:25.415754+00
c3559f1e-6074-4dfc-b067-41ac879f01fd,1,81f99d74-df4e-46d7-be77-e3ff5812f50e,true,1,,2026-08-28 06:31:40.308133+00
c37af2ab-7cf1-41c2-bc77-217ff89764ac,1,88f00fde-c03b-40d0-8391-942129c05179,true,3,,2026-09-17 01:02:15.94141+00
c37d5099-2d23-444d-9069-44c8bca266fa,12,88f00fde-c03b-40d0-8391-942129c05179,true,1,,2026-08-25 23:20:38.721275+00
c37d5b3b-b317-4e0b-b30b-87aa7990d7c3,2,0effda5f-f587-4e30-81b4-fdf6ea0892cf,true,3,,2026-09-07 00:31:50.414989+00
c3afd8a2-6e6d-4b6e-b617-1fbafbb4ec6b,1,d3e0c4a0-51ff-4221-a50d-686df4e3a21f,true,9,,2026-09-11 00:45:24.516839+00
c4136ca5-77c8-4d2b-b7bb-deaa50be8786,2,80234ad7-9552-466e-8a3a-24d9970c57d8,true,1,,2026-08-28 06:30:01.841897+00
c414f844-3d93-4204-bd93-291e42705e54,12,f9d49da4-1257-4533-a246-a78b1d060d11,true,3,,2026-08-30 00:56:36.988999+00
c4545038-bb93-4344-9955-4469b87d0102,2,0effda5f-f587-4e30-81b4-fdf6ea0892cf,true,3,,2026-09-18 00:55:39.688203+00
c4881c80-dfdd-494a-8325-ce55d185eb7f,2,8aa3c496-01a6-42d5-8cc9-c3e6261f5c4a,true,7,,2026-08-29 04:02:05.636556+00
c49a6393-6169-470e-8ffd-022ea95010f6,1,2bfb9538-a407-4ddc-84e2-81274f189173,true,8,,2026-09-10 00:47:12.570017+00
c4bc90e5-b562-496f-a43a-0d464093caaf,1,f9d49da4-1257-4533-a246-a78b1d060d11,true,21,,2026-09-02 00:42:12.0468+00
c4ccfa00-ea89-4461-be22-5a74e6f29b91,2,fa0c2bff-89f2-4bbd-9dea-a54bc057d264,true,4,,2026-08-27 04:14:09.320894+00
c4ebf78f-e397-4f7a-a7c1-743e87d4f409,2,ea3cb1ea-68fe-4723-8357-d6333898c16b,true,11,,2026-09-03 00:56:08.436746+00
c501e7a7-d127-4f0d-9ddd-c0eeff2d84c4,2,8f5aa14d-c014-473b-8d44-af08fc7238fb,true,37,,2026-09-04 00:35:34.875632+00
c505e3cc-6c70-4b93-9172-39a038a82c59,1,0effda5f-f587-4e30-81b4-fdf6ea0892cf,true,2,,2026-08-29 03:59:47.315161+00
c5204d93-5e26-48dd-a251-e461034a47d8,2,2bfb9538-a407-4ddc-84e2-81274f189173,true,8,,2026-09-18 00:57:51.909454+00
c58330d9-dccd-4bd5-99fa-708f415e2c8d,1,8aa3c496-01a6-42d5-8cc9-c3e6261f5c4a,true,7,,2026-08-24 21:25:47.0358+00
c58927b4-e14c-4f8f-bbf7-52b27797e7e3,2,80234ad7-9552-466e-8a3a-24d9970c57d8,true,1,,2026-09-07 00:33:32.254296+00
c5b8930f-4aab-49b5-b40f-b0d95e54ba49,2,3960d038-c199-4ec9-9192-61e08cfac5be,true,26,,2026-08-28 06:31:17.59976+00
c5ccf132-ef13-46ca-b304-dddd5d920f04,2,06eb4f0b-8e0a-4de3-92b1-aadf775c0aa4,false,0,,2026-08-29 04:02:43.796109+00
c5d25e28-e51d-4a49-8182-97f473090b9d,12,f9d49da4-1257-4533-a246-a78b1d060d11,true,3,,2026-09-04 00:36:15.250573+00
c5f8d593-ef2d-4d69-80ce-6330faf46c76,12,67e50f5f-8560-4cef-8285-f0a7a765a91b,true,5,,2026-09-01 01:34:08.194757+00
c627d197-34c9-4ed9-ad06-5621b37e0f1d,12,d3e0c4a0-51ff-4221-a50d-686df4e3a21f,true,1,,2026-09-09 00:57:23.477651+00
c6292649-b375-46d2-8e09-9c0c085ba5ed,1,5c1d9ed6-c403-444e-aea4-876ac23e534a,true,18,,2026-08-27 04:12:10.734125+00
c668a8d2-ddb6-48b8-969d-dc3ddfeb61bd,2,67e50f5f-8560-4cef-8285-f0a7a765a91b,true,11,,2026-09-14 00:34:55.661829+00
c6b99ce2-e4a7-4356-9b32-ab32fadf5187,12,ea3cb1ea-68fe-4723-8357-d6333898c16b,true,5,,2026-08-29 04:00:54.59324+00
c6bb48c0-9cb2-4ec7-ad18-ff5f28571170,1,8aa3c496-01a6-42d5-8cc9-c3e6261f5c4a,true,7,,2026-09-07 00:34:16.174457+00
c6be15b4-14a7-464e-a835-afdfdda11432,1,67e50f5f-8560-4cef-8285-f0a7a765a91b,true,11,,2026-09-10 00:45:35.202725+00
c6d62b9c-04bc-4653-9519-2850e922137b,2,ea3cb1ea-68fe-4723-8357-d6333898c16b,true,11,,2026-08-30 00:57:58.045763+00
c6d9e656-f073-48c9-8d5d-0c3ba75d33bd,2,75996b9d-b793-4155-868b-449a063d2b12,true,3,,2026-09-12 00:52:35.654645+00
c703167d-3e0c-46ad-9813-40cb93e68544,1,80234ad7-9552-466e-8a3a-24d9970c57d8,true,1,,2026-09-06 00:26:51.98557+00
c70b9bc9-8d94-4079-b4fb-1e954c093fc2,1,5c1d9ed6-c403-444e-aea4-876ac23e534a,true,18,,2026-08-25 23:20:22.804783+00
c715f5fc-1f4c-4129-873e-34a79fdc144a,1,dea5cb3f-0c5e-4fab-a0c3-f743f4ecc299,true,31,,2026-09-15 01:06:49.86671+00
c75f8701-bdb2-45dd-807a-bde3f32dd5e2,2,8aa3c496-01a6-42d5-8cc9-c3e6261f5c4a,true,7,,2026-09-16 00:59:24.421965+00
c796dd11-f7d4-4e41-8528-8e89dc355ffc,2,75996b9d-b793-4155-868b-449a063d2b12,true,3,,2026-08-24 21:24:32.78165+00
c79765cc-2851-4de4-af6b-34d58f1886f0,1,ee1d97a1-7499-48fa-9fd2-8d7e700d8b5d,true,42,,2026-08-25 23:19:18.050063+00
c810cf09-c57c-46b0-b315-7ac6fe24de9b,2,2bfb9538-a407-4ddc-84e2-81274f189173,true,8,,2026-09-11 00:45:34.558107+00
c82fc1be-af37-4767-9b48-1f11a01a31dd,12,8f5aa14d-c014-473b-8d44-af08fc7238fb,true,7,,2026-09-17 00:59:18.542319+00
c852c692-06f4-4359-b0c3-2173a069856e,12,67e50f5f-8560-4cef-8285-f0a7a765a91b,true,5,,2026-09-18 00:56:13.643315+00
c8fb527f-462b-44cf-b2a8-e8023d35db53,2,d3e0c4a0-51ff-4221-a50d-686df4e3a21f,true,9,,2026-08-29 04:01:39.307022+00
c913458f-e11f-4345-be4d-60be7b1f51ce,2,8f5aa14d-c014-473b-8d44-af08fc7238fb,true,37,,2026-09-18 00:55:02.927336+00
c9166ea9-5407-4963-87d0-0562ed70ccca,2,67e50f5f-8560-4cef-8285-f0a7a765a91b,true,11,,2026-09-15 01:06:39.735899+00
c9349938-0779-484c-9be7-a1fe2682ce41,1,6e727674-f76f-44c8-88ef-7859f408961f,true,40,,2026-09-02 00:41:56.965232+00
c941e1b1-a3de-459e-affc-4f9e76922c73,2,8f5aa14d-c014-473b-8d44-af08fc7238fb,true,36,,2026-08-24 23:16:11.787789+00
c9688b2f-0946-44b8-843d-8eb89ff23cc1,12,f9d49da4-1257-4533-a246-a78b1d060d11,true,3,,2026-09-10 00:44:58.239956+00
c9847a15-3f9b-4f0f-831b-d82daadc3bda,1,8aa3c496-01a6-42d5-8cc9-c3e6261f5c4a,true,7,,2026-08-28 06:30:58.889355+00
c984bd3d-cac5-41b9-8df2-dfc74e82e292,12,cdde90d3-c7f2-484b-9d50-d359b362c86c,true,7,,2026-09-11 00:46:27.023925+00
c98f32a9-9531-49b9-8ae9-71ee28af6c61,2,80234ad7-9552-466e-8a3a-24d9970c57d8,true,1,,2026-08-30 00:58:29.461016+00
c99ed5c1-ade6-403b-95da-fdfdb7937749,2,8f5aa14d-c014-473b-8d44-af08fc7238fb,true,37,,2026-09-08 00:49:52.761435+00
c9d57d83-b781-4033-a3cd-bd8eb7a5f7e1,2,67e50f5f-8560-4cef-8285-f0a7a765a91b,true,11,,2026-09-01 01:34:06.552091+00
c9f2b16b-c325-4ac4-ac9c-a73396e58b18,2,a02ccc98-25c3-4172-b022-a0e1a2a0370e,true,12,,2026-08-30 00:59:11.460486+00
ca17552e-7fd9-4992-b652-4706c92c8c95,2,9bf64c00-6ad2-4bbb-878a-e1bd1ed7c664,true,21,,2026-08-30 00:57:47.450447+00
ca1a8706-8502-4035-86a8-d03b5b23be9d,12,9bf64c00-6ad2-4bbb-878a-e1bd1ed7c664,true,4,,2026-08-28 06:29:15.830453+00
ca2a0f29-0865-4b61-8a22-3c61c2a73227,2,a02ccc98-25c3-4172-b022-a0e1a2a0370e,true,12,,2026-08-24 23:19:46.377542+00
ca331e7d-7a91-49fb-8908-86c03963c689,1,80234ad7-9552-466e-8a3a-24d9970c57d8,true,1,,2026-09-15 01:07:49.973473+00
cab8ebfb-2f68-4594-9da6-feece938cc02,12,81f99d74-df4e-46d7-be77-e3ff5812f50e,false,0,,2026-09-06 00:28:12.166096+00
cab99c34-9ae9-466d-9c59-e89702817078,2,3960d038-c199-4ec9-9192-61e08cfac5be,true,26,,2026-09-06 00:27:54.370615+00
cb107c86-e388-4dae-a0a2-1cbc060594d7,12,a02ccc98-25c3-4172-b022-a0e1a2a0370e,true,6,,2026-08-29 04:01:59.318691+00
cb5a65a9-b868-418b-81b4-8bd7bcf01cd3,1,0effda5f-f587-4e30-81b4-fdf6ea0892cf,true,2,,2026-09-14 00:34:27.29464+00
cb9570c2-22a4-407f-9d8a-683a6426553d,12,5c1d9ed6-c403-444e-aea4-876ac23e534a,true,3,,2026-09-01 01:35:07.633705+00
cbbd48a0-a5ed-4874-940c-1c1a820eda00,12,cdde90d3-c7f2-484b-9d50-d359b362c86c,true,7,,2026-09-09 00:58:29.962439+00
cbf4a158-89a8-4866-8ad1-a1a92f49435d,2,6e727674-f76f-44c8-88ef-7859f408961f,true,32,,2026-09-09 00:54:26.039881+00
cc4c94d6-5bbe-417f-a02e-1d65209f92f3,12,a02ccc98-25c3-4172-b022-a0e1a2a0370e,true,6,,2026-08-30 00:59:13.616181+00
cc8bbc52-b4c7-4772-a873-526bf1e6e9ed,12,6e727674-f76f-44c8-88ef-7859f408961f,true,8,,2026-09-14 00:34:11.320152+00
cc903e8d-5a9d-40d3-9809-5095ba6f8f36,1,fa0c2bff-89f2-4bbd-9dea-a54bc057d264,true,4,,2026-08-25 23:22:02.710867+00
ccb2ff38-82a6-4705-a111-38d87846f434,1,80234ad7-9552-466e-8a3a-24d9970c57d8,true,1,,2026-09-11 00:45:04.48297+00
cccc7b4d-df5b-4409-b41f-beed2a4a88d9,12,fa0c2bff-89f2-4bbd-9dea-a54bc057d264,true,2,,2026-08-24 21:26:34.608754+00
ccf9d8c0-8443-4495-866b-bf1456c7b817,2,dea5cb3f-0c5e-4fab-a0c3-f743f4ecc299,true,32,,2026-09-01 01:34:25.877627+00
cd13e58b-f368-408d-af70-826425548b11,2,f9d49da4-1257-4533-a246-a78b1d060d11,true,22,,2026-08-29 03:59:42.532638+00
cd1b705e-3e65-4749-a2cc-afbfdcbbdf21,1,a02ccc98-25c3-4172-b022-a0e1a2a0370e,true,14,,2026-09-13 00:34:06.490816+00
cd2ce18e-5ee0-47f2-8b8d-32c54d7525b2,2,ee1d97a1-7499-48fa-9fd2-8d7e700d8b5d,true,50,,2026-09-16 00:56:44.076611+00
cd468250-b909-4a26-88f4-86b2c6561f7e,12,81f99d74-df4e-46d7-be77-e3ff5812f50e,false,0,,2026-09-03 00:58:24.520195+00
cd5d6e99-37b3-40bf-b93c-a58036cc0a7c,1,75996b9d-b793-4155-868b-449a063d2b12,true,3,,2026-08-28 06:29:47.183789+00
cd6635a6-2f42-4b2e-bf6f-df69c864a11d,1,dea5cb3f-0c5e-4fab-a0c3-f743f4ecc299,true,29,,2026-08-27 04:11:29.979541+00
cd7b6969-f63c-4c06-9d2c-5a33b2273288,2,5c1d9ed6-c403-444e-aea4-876ac23e534a,true,18,,2026-09-02 00:43:38.746699+00
cdd8541c-e212-4d50-af0c-0b0d99399aa2,1,81f99d74-df4e-46d7-be77-e3ff5812f50e,true,1,,2026-08-30 00:59:59.81427+00
ce3fe657-480e-4b43-94fb-d85f32490286,2,06eb4f0b-8e0a-4de3-92b1-aadf775c0aa4,false,0,,2026-09-11 00:46:43.197942+00
ce6941a5-8502-49c6-90fc-6b6bc8bc0fce,2,a02ccc98-25c3-4172-b022-a0e1a2a0370e,true,12,,2026-08-29 04:01:57.624047+00
cea367a7-5fbc-4ce5-b6e8-b19d61bd694b,12,8aa3c496-01a6-42d5-8cc9-c3e6261f5c4a,true,3,,2026-09-13 00:34:16.761283+00
ced6637d-99eb-40e3-a534-d52cb9817291,12,dea5cb3f-0c5e-4fab-a0c3-f743f4ecc299,true,7,,2026-08-30 00:57:34.79054+00
cf02244e-2891-4aff-9271-4d59dd1c9328,1,75996b9d-b793-4155-868b-449a063d2b12,true,3,,2026-09-10 00:46:35.511322+00
cf2f7d63-f75f-4c54-a674-46c00dba8ec1,1,8aa3c496-01a6-42d5-8cc9-c3e6261f5c4a,true,7,,2026-08-25 23:21:28.056847+00
cf4bcc1a-9f64-4c07-abd8-4890970a5fd2,12,be9baa68-6a1a-445b-983e-1d28a4ba0a4f,true,7,,2026-09-12 00:49:31.157369+00
cf51e202-a2bc-4070-b458-f3a3b1fa8f33,12,80234ad7-9552-466e-8a3a-24d9970c57d8,true,10,,2026-09-16 00:58:28.58312+00
cf886300-260b-4e13-8d22-da7493cadaa2,1,88f00fde-c03b-40d0-8391-942129c05179,true,3,,2026-08-31 01:04:24.09337+00
cfafb0bc-8a66-451a-913b-50275c901900,2,ea3cb1ea-68fe-4723-8357-d6333898c16b,true,11,,2026-09-01 01:34:53.343968+00
cfc2f456-1a86-464c-beeb-a95398d2ef2c,12,75996b9d-b793-4155-868b-449a063d2b12,true,4,,2026-09-04 00:38:04.19112+00
cff0393a-7c30-4e33-9b58-cc210f21498a,1,be9baa68-6a1a-445b-983e-1d28a4ba0a4f,true,50,,2026-09-12 00:49:16.358713+00
d0029186-b0b6-473e-9439-e50cf4160f18,2,dea5cb3f-0c5e-4fab-a0c3-f743f4ecc299,true,33,,2026-09-15 01:06:55.109128+00
d006b687-0bfd-4d97-8504-c802f287bad4,2,be9baa68-6a1a-445b-983e-1d28a4ba0a4f,true,49,,2026-09-16 00:54:58.467063+00
d047a3d1-1b01-4a30-8e73-e5b53377bd53,1,67e50f5f-8560-4cef-8285-f0a7a765a91b,true,11,,2026-09-18 00:56:08.95063+00
d04bdc6e-6a42-4574-a4dc-799ce8eca6ed,1,f9d49da4-1257-4533-a246-a78b1d060d11,true,21,,2026-09-16 00:56:05.414021+00
d0a47b54-496f-4493-abac-287571ac4fd0,2,5c1d9ed6-c403-444e-aea4-876ac23e534a,true,18,,2026-08-31 01:04:10.987055+00
d0dd8bd7-a242-4117-ad21-b7f575b7499d,1,67e50f5f-8560-4cef-8285-f0a7a765a91b,true,11,,2026-09-16 00:56:54.525044+00
d139b4ea-128c-402e-ab9f-e74211d67d10,12,9bf64c00-6ad2-4bbb-878a-e1bd1ed7c664,true,4,,2026-09-09 00:56:13.029838+00
d13cbcb0-e83c-4d2f-8bca-eb51138e1e02,2,fa0c2bff-89f2-4bbd-9dea-a54bc057d264,true,4,,2026-09-18 00:58:43.760274+00
d13f8034-04ae-47ba-8416-6e3bd6614f95,1,0effda5f-f587-4e30-81b4-fdf6ea0892cf,true,2,,2026-09-15 01:06:09.597955+00
d1539738-fb23-446b-9eee-01a31b70cbb7,2,acbb1997-cf3a-4b9e-bb33-c361e8262a42,true,10,,2026-09-13 00:33:40.883785+00
d1545038-9998-487c-8b02-39b91d3e0c9a,2,8f5aa14d-c014-473b-8d44-af08fc7238fb,true,37,,2026-09-10 00:44:22.816688+00
d1689b93-a9bc-47ae-8fbe-249d5b9fe550,1,3960d038-c199-4ec9-9192-61e08cfac5be,true,26,,2026-09-10 00:47:42.312598+00
d16cda11-96bc-4ec2-a641-2ae748fe6a52,2,8aa3c496-01a6-42d5-8cc9-c3e6261f5c4a,true,7,,2026-08-25 23:21:29.214266+00
d187022a-1024-422d-9918-21ed5dce1dcf,2,dea5cb3f-0c5e-4fab-a0c3-f743f4ecc299,true,32,,2026-08-29 04:00:32.172295+00
d1a6bc1e-7f37-4ab4-88fa-f4964fc02482,1,80234ad7-9552-466e-8a3a-24d9970c57d8,true,1,,2026-09-17 01:02:22.373057+00
d1ae42b7-ab43-4ad5-8e7a-3d8c32eac547,12,67e50f5f-8560-4cef-8285-f0a7a765a91b,true,5,,2026-09-07 00:32:26.185068+00
d1ae8a98-7cf2-4849-a1d7-ca6f4833b9fe,12,2bfb9538-a407-4ddc-84e2-81274f189173,true,10,,2026-08-24 23:19:33.759288+00
d1d2d39e-2e70-4b3d-a957-32ebd95b1e4e,1,06eb4f0b-8e0a-4de3-92b1-aadf775c0aa4,false,0,,2026-09-14 00:37:26.282434+00
d1e6a05b-41d5-4577-9ea0-39987ac2b189,1,acbb1997-cf3a-4b9e-bb33-c361e8262a42,true,11,,2026-09-16 00:58:35.866819+00
d20e3e2b-ea60-4167-84df-8616cc1ff319,1,88f00fde-c03b-40d0-8391-942129c05179,true,3,,2026-08-28 06:29:54.680105+00
d244c02f-ba43-4cff-b6b1-00163d802e94,12,dea5cb3f-0c5e-4fab-a0c3-f743f4ecc299,true,7,,2026-09-05 00:31:00.031694+00
d248735e-2aba-494e-9d84-08bf2843708e,2,8f5aa14d-c014-473b-8d44-af08fc7238fb,true,36,,2026-08-25 23:18:26.078418+00
d24c308c-a154-46b6-b72c-458370ab1b20,1,cdde90d3-c7f2-484b-9d50-d359b362c86c,true,17,,2026-08-28 06:31:29.820778+00
d285cf95-22a8-4df2-80e4-8062c0f6cbc0,1,fa0c2bff-89f2-4bbd-9dea-a54bc057d264,true,4,,2026-09-09 00:58:41.920413+00
d2aafa14-e387-4ff5-925d-26b381c55a00,2,9bf64c00-6ad2-4bbb-878a-e1bd1ed7c664,true,21,,2026-08-29 04:00:44.605284+00
d2acb71f-c2eb-430c-82ca-f27da0a9c1bc,2,0effda5f-f587-4e30-81b4-fdf6ea0892cf,true,3,,2026-08-24 21:22:40.082914+00
d330ece6-c0ea-4b0e-bdb8-170b9dd800f5,12,2bfb9538-a407-4ddc-84e2-81274f189173,true,10,,2026-09-17 01:02:58.456447+00
d35bc35b-0b58-4598-bd1c-9a3d4289474d,1,0effda5f-f587-4e30-81b4-fdf6ea0892cf,true,2,,2026-09-09 00:54:49.687871+00
d381b511-f3e5-4ebe-bfdc-98d3e08dcfa6,12,0effda5f-f587-4e30-81b4-fdf6ea0892cf,true,2,,2026-09-10 00:45:04.067272+00
d384443b-6868-4835-954a-527acaf34b8c,2,fa0c2bff-89f2-4bbd-9dea-a54bc057d264,true,4,,2026-09-06 00:28:18.753279+00
d385d69d-edf8-4a19-a445-6a3eba30cdbd,1,f9d49da4-1257-4533-a246-a78b1d060d11,true,21,,2026-09-04 00:36:09.777318+00
d39cb915-50d7-4a1e-8d10-28e1db0d260d,2,f9d49da4-1257-4533-a246-a78b1d060d11,true,22,,2026-08-25 23:19:00.918788+00
d3b14436-0f8f-4506-a6f5-16523d529caa,2,6e727674-f76f-44c8-88ef-7859f408961f,true,32,,2026-08-27 04:10:22.70655+00
d3e0a4c5-9c7c-44da-93c7-003baf130792,1,be9baa68-6a1a-445b-983e-1d28a4ba0a4f,true,50,,2026-08-25 23:17:57.786968+00
d3e5ea94-75d9-4d85-a4be-d74454675f42,1,fa0c2bff-89f2-4bbd-9dea-a54bc057d264,true,4,,2026-09-15 01:09:14.456618+00
d4386bee-8ada-4488-9457-07f42e3757e8,12,dea5cb3f-0c5e-4fab-a0c3-f743f4ecc299,true,7,,2026-09-14 00:35:14.800455+00
d44ba844-82d3-4de1-845e-9c8d8bb28a9c,2,acbb1997-cf3a-4b9e-bb33-c361e8262a42,true,10,,2026-08-24 23:19:10.775843+00
d46c7d25-b921-4734-b6d7-ddfa1f888128,1,67e50f5f-8560-4cef-8285-f0a7a765a91b,true,11,,2026-09-06 00:25:43.201955+00
d481529d-914c-4766-972e-2cb417c94b84,12,6e727674-f76f-44c8-88ef-7859f408961f,true,8,,2026-09-08 00:50:16.923884+00
d4b3641f-faf2-42d5-92c3-cb85c25abe64,1,ea3cb1ea-68fe-4723-8357-d6333898c16b,true,12,,2026-09-06 00:26:21.310176+00
d4c6763a-c340-49e6-bd0a-17d0322144f8,2,8f5aa14d-c014-473b-8d44-af08fc7238fb,true,37,,2026-09-16 00:55:24.919152+00
d507fb76-9a44-40b3-b53d-d56600a5ad98,1,8aa3c496-01a6-42d5-8cc9-c3e6261f5c4a,true,7,,2026-08-29 04:02:04.514703+00
d56b7cc9-56f7-404d-8024-4e89076cef3f,12,f9d49da4-1257-4533-a246-a78b1d060d11,true,3,,2026-09-16 00:56:11.035964+00
d58ae01c-973e-4be8-af5b-bfb50864291a,12,5c1d9ed6-c403-444e-aea4-876ac23e534a,true,3,,2026-08-25 23:20:26.492062+00
d594b5bb-150b-497e-a10e-c62d3eddfe6e,1,06eb4f0b-8e0a-4de3-92b1-aadf775c0aa4,false,0,,2026-09-10 00:48:14.812123+00
d5c1fd23-3d96-4fb7-8133-6748692baa9b,2,ee1d97a1-7499-48fa-9fd2-8d7e700d8b5d,true,50,,2026-09-13 00:32:18.141895+00
d5c2bd79-71a2-46de-b088-2b72dda842e0,12,dea5cb3f-0c5e-4fab-a0c3-f743f4ecc299,true,7,,2026-09-10 00:45:55.554703+00
d5d67471-0560-4852-9fbe-f4eb5d71049f,1,5c1d9ed6-c403-444e-aea4-876ac23e534a,true,18,,2026-09-18 00:57:03.524888+00
d5e1c518-328b-47d0-9b6b-10aea64c0dbd,2,06eb4f0b-8e0a-4de3-92b1-aadf775c0aa4,false,0,,2026-09-13 00:34:55.152036+00
d5f9940f-ca07-49a2-8041-37f7f551fdf6,2,81f99d74-df4e-46d7-be77-e3ff5812f50e,false,0,,2026-09-15 01:09:09.254257+00
d5ff5ff5-829a-4060-8248-e746b84b6df2,12,3960d038-c199-4ec9-9192-61e08cfac5be,true,4,,2026-09-17 01:03:42.383527+00
d6475007-30e7-422c-b60f-6e506f6cd929,1,75996b9d-b793-4155-868b-449a063d2b12,true,3,,2026-09-14 00:35:51.441846+00
d69fefec-77e9-4fc2-9f8b-2f9a5474cc46,12,be9baa68-6a1a-445b-983e-1d28a4ba0a4f,true,7,,2026-08-31 01:01:25.691643+00
d6a2714b-88cb-4d0c-94c1-99490d71becb,12,cdde90d3-c7f2-484b-9d50-d359b362c86c,true,7,,2026-09-07 00:34:45.458788+00
d738cb83-94e3-4d99-99e8-1ff7dbbdbf87,12,dea5cb3f-0c5e-4fab-a0c3-f743f4ecc299,true,7,,2026-08-29 04:00:33.307184+00
d78bc453-7743-4034-94c2-1f93ba25cfdc,12,d3e0c4a0-51ff-4221-a50d-686df4e3a21f,true,1,,2026-09-11 00:45:26.916477+00
d7953d52-5bc8-4109-b724-6ca52b5626e3,12,ee1d97a1-7499-48fa-9fd2-8d7e700d8b5d,true,10,,2026-09-14 00:34:48.252293+00
d7b5390b-ba51-421a-8986-e2c19117eb62,2,d3e0c4a0-51ff-4221-a50d-686df4e3a21f,true,9,,2026-09-13 00:33:49.272727+00
d7b82a9a-cdba-446f-be17-748fa3b0766d,1,88f00fde-c03b-40d0-8391-942129c05179,true,3,,2026-09-15 01:07:43.766986+00
d7e5ca5e-784f-4719-8099-b13b5a6c439c,12,80234ad7-9552-466e-8a3a-24d9970c57d8,true,10,,2026-09-03 00:56:49.142612+00
d7f906e8-7ff8-450c-b914-39969070fed1,1,9bf64c00-6ad2-4bbb-878a-e1bd1ed7c664,true,21,,2026-09-15 01:07:04.657976+00
d817a541-fadc-41c9-9e0d-d7a294b4f2f0,1,6e727674-f76f-44c8-88ef-7859f408961f,true,40,,2026-09-12 00:50:11.89737+00
d83b7f16-a773-4936-b1b0-8120ed816cac,2,f9d49da4-1257-4533-a246-a78b1d060d11,true,22,,2026-09-05 00:30:03.615718+00
d85cb708-2335-46c2-b018-6eaf69aee9ab,12,ea3cb1ea-68fe-4723-8357-d6333898c16b,true,5,,2026-09-16 00:57:49.573211+00
d862be1d-8bc0-4db2-acdf-125511a30dfb,12,88f00fde-c03b-40d0-8391-942129c05179,true,1,,2026-08-24 21:24:41.606211+00
d879fb9b-29c7-4f95-bbc8-f0478aeea799,2,acbb1997-cf3a-4b9e-bb33-c361e8262a42,true,10,,2026-08-29 04:01:31.495113+00
d890b307-a0a2-4edf-bb62-e58a4c700598,1,d3e0c4a0-51ff-4221-a50d-686df4e3a21f,true,9,,2026-09-09 00:57:20.868933+00
d8c2830b-8e6e-4f78-87df-36c8305f3363,2,80234ad7-9552-466e-8a3a-24d9970c57d8,true,1,,2026-08-27 04:12:35.280005+00
d8c5032a-f1e3-40fb-bc7f-0da3321190b7,1,75996b9d-b793-4155-868b-449a063d2b12,true,3,,2026-09-16 00:58:09.477045+00
d8e44856-6b46-4921-b23d-69ffccb5dedf,1,80234ad7-9552-466e-8a3a-24d9970c57d8,true,1,,2026-08-29 04:01:21.806046+00
d8fa40ac-52cf-4104-85ab-7500100b6a34,12,06eb4f0b-8e0a-4de3-92b1-aadf775c0aa4,false,0,,2026-09-18 00:58:48.382901+00
d930350e-ad02-4049-a51b-64e64ebbbd14,1,acbb1997-cf3a-4b9e-bb33-c361e8262a42,true,11,,2026-08-29 04:01:29.932993+00
d93274cc-4ea4-4663-8f05-e8e198144a19,2,06eb4f0b-8e0a-4de3-92b1-aadf775c0aa4,false,0,,2026-09-01 01:37:10.784636+00
d9594038-461d-44f2-9f1e-ef137c99f161,2,0effda5f-f587-4e30-81b4-fdf6ea0892cf,true,3,,2026-09-16 00:56:16.955166+00
d95b079c-9309-4db0-9875-3f85cb3c4f37,12,d3e0c4a0-51ff-4221-a50d-686df4e3a21f,true,1,,2026-09-05 00:32:05.870205+00
d96141cf-a312-4740-93a3-680c8a82fe7f,2,2bfb9538-a407-4ddc-84e2-81274f189173,true,8,,2026-08-31 01:05:01.622074+00
d9bc69b0-fa04-4afe-83d3-c4e1acdd9ce5,2,ee1d97a1-7499-48fa-9fd2-8d7e700d8b5d,true,50,,2026-08-30 00:57:05.248756+00
d9c511a6-8f34-4519-9445-686b1b845c88,2,8f5aa14d-c014-473b-8d44-af08fc7238fb,true,37,,2026-09-06 00:24:36.457394+00
d9da8e98-d0a2-451c-966f-30d23a46d1ee,2,a02ccc98-25c3-4172-b022-a0e1a2a0370e,true,12,,2026-08-31 01:05:14.981312+00
d9e38be6-dea3-4e6d-8988-46ed75476ec8,1,cdde90d3-c7f2-484b-9d50-d359b362c86c,true,17,,2026-09-11 00:46:21.692095+00
d9efbc67-4bbe-44f9-a6f9-f0df836f42d0,12,d3e0c4a0-51ff-4221-a50d-686df4e3a21f,true,1,,2026-08-28 06:30:25.828825+00
d9f3f6e1-d813-4848-b56c-43b612610f2c,12,dea5cb3f-0c5e-4fab-a0c3-f743f4ecc299,true,7,,2026-09-18 00:56:30.097868+00
d9fa6a32-d1a0-4a2f-b440-6b2f70efe442,12,acbb1997-cf3a-4b9e-bb33-c361e8262a42,true,4,,2026-08-24 23:19:11.724593+00
da10c553-d769-48b5-86f7-cc835b6d02ef,2,67e50f5f-8560-4cef-8285-f0a7a765a91b,true,11,,2026-09-10 00:45:37.409229+00
da23ba4c-add6-4e38-910f-0bd113bc5717,1,81f99d74-df4e-46d7-be77-e3ff5812f50e,true,1,,2026-09-15 01:09:08.785263+00
da27c1d7-8d2a-4288-b5b1-79287b3960d3,2,3960d038-c199-4ec9-9192-61e08cfac5be,true,26,,2026-09-17 01:03:41.087367+00
da320de4-345d-4835-ba9e-e00523363986,2,80234ad7-9552-466e-8a3a-24d9970c57d8,true,1,,2026-09-17 01:02:22.80059+00
da37d961-a5c0-47a9-b44f-4b4e721d713a,12,ea3cb1ea-68fe-4723-8357-d6333898c16b,true,5,,2026-09-07 00:33:03.153515+00
da443048-d740-40b0-acec-2b40350e1903,1,06eb4f0b-8e0a-4de3-92b1-aadf775c0aa4,false,0,,2026-09-09 00:58:48.791241+00
da62e6e3-21b5-469d-8809-f9e12a122b20,1,be9baa68-6a1a-445b-983e-1d28a4ba0a4f,true,50,,2026-09-03 00:53:03.452556+00
da6c9346-15bd-404f-bd18-6e4176671f36,2,9bf64c00-6ad2-4bbb-878a-e1bd1ed7c664,true,21,,2026-09-01 01:34:41.594737+00
da829664-81bd-43a5-a13a-8459d6ab8f74,2,5c1d9ed6-c403-444e-aea4-876ac23e534a,true,18,,2026-09-13 00:33:15.044214+00
da8cbcca-05f5-4dbe-aa7c-8b708a328106,12,75996b9d-b793-4155-868b-449a063d2b12,true,4,,2026-09-12 00:52:37.118449+00
dab10a53-7ccd-4797-8ecf-7908949da4f9,2,a02ccc98-25c3-4172-b022-a0e1a2a0370e,true,11,,2026-09-14 00:36:38.448186+00
db2c4ea3-1f26-449b-9ac2-b21c40c8f141,12,cdde90d3-c7f2-484b-9d50-d359b362c86c,true,7,,2026-09-04 00:39:44.245781+00
db33a5fa-7982-43bd-9006-5da339009cd9,12,f9d49da4-1257-4533-a246-a78b1d060d11,true,3,,2026-09-12 00:50:37.614604+00
db6e22eb-5ef3-462f-a4ca-d04d3f0beb42,1,2bfb9538-a407-4ddc-84e2-81274f189173,true,8,,2026-09-04 00:38:46.482515+00
db6e69cd-8d49-4df6-9c69-61cd2f1b58bb,1,d3e0c4a0-51ff-4221-a50d-686df4e3a21f,true,9,,2026-09-18 00:57:42.060386+00
db70874c-2d7c-432e-a885-8a185a850e41,12,be9baa68-6a1a-445b-983e-1d28a4ba0a4f,true,7,,2026-09-10 00:44:04.719081+00
db7de494-9b06-4f2f-b456-4bdf9281643b,12,75996b9d-b793-4155-868b-449a063d2b12,true,4,,2026-09-08 00:52:18.455202+00
db966f2b-76d4-4c3d-a03a-c9c8fc39a200,1,a02ccc98-25c3-4172-b022-a0e1a2a0370e,true,14,,2026-09-16 00:59:11.08411+00
dc0d3990-fc00-461e-8eb7-902835865353,1,8aa3c496-01a6-42d5-8cc9-c3e6261f5c4a,true,7,,2026-09-04 00:39:11.167343+00
dc335ba2-ef67-4364-9c7f-481de2eb928a,2,5c1d9ed6-c403-444e-aea4-876ac23e534a,true,18,,2026-09-04 00:37:56.345545+00
dc6dc2d2-e888-4e71-81af-ff1926ca1c7d,2,8aa3c496-01a6-42d5-8cc9-c3e6261f5c4a,true,7,,2026-09-12 00:53:49.876001+00
dca69c7b-e764-4aa4-9aca-82716aee763e,2,0effda5f-f587-4e30-81b4-fdf6ea0892cf,true,3,,2026-09-14 00:34:27.942249+00
dcab78cb-6d06-4365-84d3-83c4d0fe485a,2,81f99d74-df4e-46d7-be77-e3ff5812f50e,false,0,,2026-08-31 01:06:02.705838+00
dcc7a78c-51bf-4a1b-903b-a0fefb5a19ff,12,81f99d74-df4e-46d7-be77-e3ff5812f50e,false,0,,2026-08-25 23:21:57.615787+00
dcc944ce-af4e-4a8a-9586-0aa12a8df563,1,f9d49da4-1257-4533-a246-a78b1d060d11,true,21,,2026-09-08 00:50:28.186097+00
dcda6040-79f6-4e0f-8b4f-722a7a9d8426,1,75996b9d-b793-4155-868b-449a063d2b12,true,3,,2026-09-13 00:33:20.296588+00
dd1f163e-97cb-467b-b99d-0e9c9b61fb02,1,f9d49da4-1257-4533-a246-a78b1d060d11,true,21,,2026-08-30 00:56:32.093965+00
dd44ab37-f945-4e6a-9a16-04bc40fcba7f,1,06eb4f0b-8e0a-4de3-92b1-aadf775c0aa4,false,0,,2026-08-27 04:14:14.058933+00
dd8738a6-3246-4baa-ba5a-209c8d1da7de,2,3960d038-c199-4ec9-9192-61e08cfac5be,true,26,,2026-09-11 00:46:12.349883+00
ddd637d1-2e44-4adc-8e9c-241987fa6565,1,ee1d97a1-7499-48fa-9fd2-8d7e700d8b5d,true,45,,2026-08-28 06:28:15.502105+00
dddf8f25-f615-482a-9047-4894f60d6a66,12,acbb1997-cf3a-4b9e-bb33-c361e8262a42,true,4,,2026-08-24 21:25:01.48684+00
de0a9df2-bceb-4760-b6b8-a51b8f49403e,2,fa0c2bff-89f2-4bbd-9dea-a54bc057d264,true,4,,2026-09-04 00:39:56.206287+00
de36b29d-b8c5-42f3-be94-36c1f638dabb,1,f9d49da4-1257-4533-a246-a78b1d060d11,true,20,,2026-09-07 00:31:41.120706+00
de42d559-2acc-48cc-843d-d84646bccbff,12,ee1d97a1-7499-48fa-9fd2-8d7e700d8b5d,true,10,,2026-09-13 00:32:20.078508+00
de58bca5-95c2-4459-a574-7bcc3a062f41,2,d3e0c4a0-51ff-4221-a50d-686df4e3a21f,true,9,,2026-08-31 01:04:53.091015+00
de66b267-3983-4ec6-acb6-111a97c449c6,12,9bf64c00-6ad2-4bbb-878a-e1bd1ed7c664,true,4,,2026-09-10 00:46:08.552703+00
de7f9dd4-0112-448f-b577-062246cdb921,12,acbb1997-cf3a-4b9e-bb33-c361e8262a42,true,4,,2026-09-08 00:52:41.904803+00
de935fea-930a-4bad-b133-40aabc9880c4,2,5c1d9ed6-c403-444e-aea4-876ac23e534a,true,18,,2026-09-06 00:26:34.392207+00
df093071-1d7b-405e-a827-8c69858295f9,12,80234ad7-9552-466e-8a3a-24d9970c57d8,true,10,,2026-08-25 23:20:46.341236+00
df0bd848-e7e4-4d51-ab57-d43ea2a925b2,1,81f99d74-df4e-46d7-be77-e3ff5812f50e,true,1,,2026-09-07 00:34:50.097345+00
df1ef450-53ca-4e40-a991-804eb6903b48,1,acbb1997-cf3a-4b9e-bb33-c361e8262a42,true,11,,2026-09-13 00:33:39.238847+00
df46e873-f1a1-4970-b3ed-f48d47d896cb,1,67e50f5f-8560-4cef-8285-f0a7a765a91b,true,11,,2026-09-09 00:55:31.794077+00
df8caf34-d081-4be3-bffa-ba949e770902,1,81f99d74-df4e-46d7-be77-e3ff5812f50e,true,1,,2026-08-31 01:06:02.508927+00
df9b0c21-de02-4111-8260-2b4bc42494dd,2,9bf64c00-6ad2-4bbb-878a-e1bd1ed7c664,true,21,,2026-09-16 00:57:34.141352+00
df9c1823-c84f-40c3-90f0-12a1a2564546,2,5c1d9ed6-c403-444e-aea4-876ac23e534a,true,18,,2026-09-08 00:52:10.621126+00
e0070480-004a-467d-9edb-74ffd53d8091,1,dea5cb3f-0c5e-4fab-a0c3-f743f4ecc299,true,31,,2026-09-18 00:56:23.466075+00
e06fd583-a636-43fc-bb43-731d8c15c32a,2,d3e0c4a0-51ff-4221-a50d-686df4e3a21f,true,9,,2026-09-18 00:57:43.579369+00
e0771538-4ba6-4ad2-aa81-092ba86cfa7d,12,9bf64c00-6ad2-4bbb-878a-e1bd1ed7c664,true,4,,2026-09-03 00:55:57.548579+00
e09b4751-db46-40fa-b9e1-e1156bb23d2e,1,3960d038-c199-4ec9-9192-61e08cfac5be,true,26,,2026-09-16 00:59:36.02884+00
e09e2c4f-8fba-48d3-b1ea-b84f7a61b636,12,3960d038-c199-4ec9-9192-61e08cfac5be,true,4,,2026-08-27 04:13:45.318978+00
e0bae3a3-fd4d-4395-86ab-065b7bc88fae,2,2bfb9538-a407-4ddc-84e2-81274f189173,true,8,,2026-09-08 00:52:58.456687+00
e12c78da-2185-4771-9f2c-9ff632000e4d,12,ee1d97a1-7499-48fa-9fd2-8d7e700d8b5d,true,10,,2026-09-10 00:45:28.264825+00
e14b72d4-80b5-4646-b686-eb23f87fdd09,2,06eb4f0b-8e0a-4de3-92b1-aadf775c0aa4,false,0,,2026-09-07 00:35:00.564593+00
e16844f5-0fc1-4e19-8729-77517614e94e,2,5c1d9ed6-c403-444e-aea4-876ac23e534a,true,18,,2026-09-18 00:57:06.168886+00
e19c005d-57ce-44c3-93a0-a3c33060ba07,12,a02ccc98-25c3-4172-b022-a0e1a2a0370e,true,6,,2026-09-01 01:36:14.430084+00
e1b58b99-76bd-44a1-8be6-156c7fd2ac9a,2,8aa3c496-01a6-42d5-8cc9-c3e6261f5c4a,true,7,,2026-09-15 01:08:36.299987+00
e1e24dd4-5e4e-459a-999b-2ebc1a428467,1,8f5aa14d-c014-473b-8d44-af08fc7238fb,true,36,,2026-08-24 23:16:04.471904+00
e1e5d9d6-1861-402b-a634-4af5dedc2696,12,d3e0c4a0-51ff-4221-a50d-686df4e3a21f,true,1,,2026-09-10 00:47:07.113697+00
e255879c-97f8-4666-ae63-8d7426c9bedf,2,d3e0c4a0-51ff-4221-a50d-686df4e3a21f,true,9,,2026-09-06 00:27:14.34593+00
e25eabcd-fb6b-4b68-a2f3-48572d0f9323,2,67e50f5f-8560-4cef-8285-f0a7a765a91b,true,11,,2026-09-06 00:25:45.034734+00
e2c9935e-d62e-490d-9645-538e63e1eb15,12,cdde90d3-c7f2-484b-9d50-d359b362c86c,true,7,,2026-09-18 00:58:33.77749+00
e2de4d6c-6d36-45c5-b7b5-b9c68d984d95,12,cdde90d3-c7f2-484b-9d50-d359b362c86c,true,6,,2026-09-02 00:45:12.75955+00
e2f21424-7c3e-4873-8263-837ba1649ace,12,ee1d97a1-7499-48fa-9fd2-8d7e700d8b5d,true,10,,2026-09-15 01:06:32.166598+00
e2f2c155-522e-44c0-9bbb-4a09575379c4,1,ee1d97a1-7499-48fa-9fd2-8d7e700d8b5d,true,45,,2026-08-29 03:59:59.546146+00
e31bc955-ba30-47cc-a3bb-d1d3dfbd859a,1,acbb1997-cf3a-4b9e-bb33-c361e8262a42,true,11,,2026-09-12 00:53:01.787803+00
e3332944-04e2-4149-bf94-8042cfdb5fa8,2,cdde90d3-c7f2-484b-9d50-d359b362c86c,true,17,,2026-09-14 00:37:09.036352+00
e348eaed-43a9-4e92-a62b-fcd362c12618,2,8aa3c496-01a6-42d5-8cc9-c3e6261f5c4a,true,7,,2026-09-18 00:58:10.005144+00
e357cda1-d60b-4fc5-b86f-ceefb647cdfe,12,f9d49da4-1257-4533-a246-a78b1d060d11,true,3,,2026-09-11 00:43:07.425825+00
e362f7e9-045a-4036-8007-c83cb36c64be,2,8aa3c496-01a6-42d5-8cc9-c3e6261f5c4a,true,7,,2026-09-01 01:36:22.364322+00
e384d437-da2e-4a18-a9b4-653d5dd4e947,12,88f00fde-c03b-40d0-8391-942129c05179,true,1,,2026-09-05 00:31:43.766044+00
e3a6a007-cda6-4ee5-8fd9-2ce9b9951ef0,12,ee1d97a1-7499-48fa-9fd2-8d7e700d8b5d,true,10,,2026-09-18 00:56:00.231324+00
e3aa4aa2-2956-49fd-be94-220777a2d7b7,12,6e727674-f76f-44c8-88ef-7859f408961f,true,8,,2026-09-17 00:59:44.762516+00
e3ae21d4-4521-4b8d-aac9-7a57dbb4b2e6,1,d3e0c4a0-51ff-4221-a50d-686df4e3a21f,true,9,,2026-09-06 00:27:12.833393+00
e3fd8364-78e0-4c2a-bd22-95a6a8cd262d,2,0effda5f-f587-4e30-81b4-fdf6ea0892cf,true,3,,2026-08-31 01:02:33.519648+00
e420bcf1-439c-4f82-aee5-016c54f75b34,12,80234ad7-9552-466e-8a3a-24d9970c57d8,true,10,,2026-09-09 00:57:03.624183+00
e429b6b8-0fb3-4c8d-8968-99938b891d2f,12,acbb1997-cf3a-4b9e-bb33-c361e8262a42,true,4,,2026-09-07 00:33:42.659219+00
e44be024-cd30-43b8-aec8-928593babd83,12,75996b9d-b793-4155-868b-449a063d2b12,true,4,,2026-09-03 00:56:32.355505+00
e4725087-023d-468f-bd84-9bace667a9e4,2,9bf64c00-6ad2-4bbb-878a-e1bd1ed7c664,true,21,,2026-09-06 00:26:13.751135+00
e4a9dd25-0b4c-4c70-af3c-eb92c27583fb,2,f9d49da4-1257-4533-a246-a78b1d060d11,true,22,,2026-08-27 04:10:38.296646+00
e4aec960-23cf-4780-b6e9-434049a112f9,12,6e727674-f76f-44c8-88ef-7859f408961f,true,8,,2026-08-24 21:22:17.081746+00
e4f5d597-96ae-47df-af6c-2e069fce5012,12,6e727674-f76f-44c8-88ef-7859f408961f,true,8,,2026-09-15 01:05:52.606103+00
e529cf94-2b74-4f92-9955-812a98c91c95,2,d3e0c4a0-51ff-4221-a50d-686df4e3a21f,true,9,,2026-09-17 01:02:45.631884+00
e537b318-d979-465b-a48b-8b0f9aa9d500,2,f9d49da4-1257-4533-a246-a78b1d060d11,true,22,,2026-09-13 00:31:51.711759+00
e54ac86e-ac83-4c30-a38f-71f2def49f6d,1,2bfb9538-a407-4ddc-84e2-81274f189173,true,8,,2026-09-17 01:02:53.521193+00
e56fa47b-f94c-4a9e-ba3a-636fbbe84489,2,0effda5f-f587-4e30-81b4-fdf6ea0892cf,true,3,,2026-09-02 00:42:21.251896+00
e5bb3c45-3686-48ba-b342-cc7a1a9425c5,12,cdde90d3-c7f2-484b-9d50-d359b362c86c,true,7,,2026-09-08 00:53:51.322924+00
e5bca363-08e3-4cba-9406-c923774c7733,2,cdde90d3-c7f2-484b-9d50-d359b362c86c,true,17,,2026-09-04 00:39:42.229006+00
e5d00feb-ed78-4f5c-a248-feb42b059aee,2,75996b9d-b793-4155-868b-449a063d2b12,true,3,,2026-09-04 00:38:02.883476+00
e5e2764c-cc90-4dc5-886f-c2c2d6cf02ff,12,ea3cb1ea-68fe-4723-8357-d6333898c16b,true,5,,2026-08-27 04:12:03.189108+00
e5e5c12d-9260-4ece-b81b-36919b2974a5,1,80234ad7-9552-466e-8a3a-24d9970c57d8,true,1,,2026-08-27 04:12:34.889162+00
e6024962-9833-45d8-805e-d93f1d22a3e8,2,3960d038-c199-4ec9-9192-61e08cfac5be,true,26,,2026-09-07 00:34:32.848715+00
e6440cb8-6ced-44c8-8c6c-719f07154c76,1,67e50f5f-8560-4cef-8285-f0a7a765a91b,true,11,,2026-08-25 23:19:33.511862+00
e66f8487-9bb9-4fc4-a962-233f7b384181,1,5c1d9ed6-c403-444e-aea4-876ac23e534a,true,18,,2026-09-06 00:26:31.480063+00
e68abe66-54d4-4883-9d78-c8b5deea4ad9,1,8f5aa14d-c014-473b-8d44-af08fc7238fb,true,37,,2026-09-14 00:33:45.149877+00
e6a9e064-4c00-45a7-834e-0ea0fcd8d45a,12,8aa3c496-01a6-42d5-8cc9-c3e6261f5c4a,true,3,,2026-08-24 23:19:58.967047+00
e6b6cbc6-bf2f-4c28-9cec-c4565095cd51,12,9bf64c00-6ad2-4bbb-878a-e1bd1ed7c664,true,4,,2026-08-24 23:18:15.722822+00
e71e2d3b-83e9-48df-85fe-6cbbabb4320a,12,dea5cb3f-0c5e-4fab-a0c3-f743f4ecc299,true,7,,2026-09-11 00:44:06.465525+00
e75a3827-8497-4d1d-832f-c1887f36bf9f,2,9bf64c00-6ad2-4bbb-878a-e1bd1ed7c664,true,21,,2026-09-11 00:44:20.255982+00
e7620d5b-fdc3-4938-a9fd-bab25bfce22d,2,67e50f5f-8560-4cef-8285-f0a7a765a91b,true,11,,2026-09-11 00:43:47.586399+00
e7748b62-bd08-4b74-950f-86762e4553ec,2,ea3cb1ea-68fe-4723-8357-d6333898c16b,true,11,,2026-09-09 00:56:23.536974+00
e79b5a5a-7275-49ac-82c0-63bb8b567793,2,d3e0c4a0-51ff-4221-a50d-686df4e3a21f,true,9,,2026-08-30 00:58:50.35653+00
e79f6911-fafb-4fa4-a159-ff81be3a2869,1,acbb1997-cf3a-4b9e-bb33-c361e8262a42,true,11,,2026-09-14 00:36:11.685415+00
e7bdb902-72bf-4b66-8835-d770a38f246c,2,5c1d9ed6-c403-444e-aea4-876ac23e534a,true,18,,2026-09-10 00:46:28.68922+00
e7d6463a-4ee6-4157-8dc4-f0a4828092ed,2,dea5cb3f-0c5e-4fab-a0c3-f743f4ecc299,true,33,,2026-09-14 00:35:13.54607+00
e7e18fc5-4981-4ca3-a0fd-b1bd0b75b38b,1,9bf64c00-6ad2-4bbb-878a-e1bd1ed7c664,true,20,,2026-08-30 00:57:43.482044+00
e7fcef44-9d4c-4695-8681-07ade622e9de,2,2bfb9538-a407-4ddc-84e2-81274f189173,true,8,,2026-09-13 00:33:57.112626+00
e82700be-9c55-4a26-87d9-fdc485f43e00,12,5c1d9ed6-c403-444e-aea4-876ac23e534a,true,3,,2026-08-29 04:01:04.430664+00
e82da2c4-8f9b-4682-be03-119380dc9e0a,2,81f99d74-df4e-46d7-be77-e3ff5812f50e,false,0,,2026-09-14 00:37:15.183938+00
e851e93b-2776-4f32-b2c9-b6dcfd6b3024,2,cdde90d3-c7f2-484b-9d50-d359b362c86c,true,17,,2026-09-03 00:58:16.532592+00
e85c3178-acf9-4792-aeb6-f7ef39758b12,1,9bf64c00-6ad2-4bbb-878a-e1bd1ed7c664,true,21,,2026-09-11 00:44:16.188964+00
e8726ba6-09fc-48ea-a9d7-fb6d40a1ba1b,2,88f00fde-c03b-40d0-8391-942129c05179,true,3,,2026-08-31 01:04:24.863221+00
e8a139ec-8d06-4588-8b31-0d1a11950308,1,9bf64c00-6ad2-4bbb-878a-e1bd1ed7c664,true,21,,2026-08-28 06:29:09.942816+00
e8b6d109-a3cf-45e6-96ca-8c63be699d74,2,be9baa68-6a1a-445b-983e-1d28a4ba0a4f,true,49,,2026-09-06 00:24:18.591839+00
e8c9eac4-e920-418f-a7d7-80215b873026,2,a02ccc98-25c3-4172-b022-a0e1a2a0370e,true,11,,2026-09-15 01:08:27.646902+00
e914abf5-a900-4c52-8e1e-825362fa5daa,1,ea3cb1ea-68fe-4723-8357-d6333898c16b,true,12,,2026-09-12 00:52:11.156315+00
e93101b1-1f0c-45a0-87f0-d271d88105d3,2,9bf64c00-6ad2-4bbb-878a-e1bd1ed7c664,true,21,,2026-09-03 00:55:56.208538+00
e940c570-e5d2-44a6-a429-fc24a396a6c8,1,cdde90d3-c7f2-484b-9d50-d359b362c86c,true,17,,2026-09-16 00:59:52.563096+00
e94bcb75-b212-4e68-b73c-077acd432fde,1,0effda5f-f587-4e30-81b4-fdf6ea0892cf,true,2,,2026-08-24 23:16:59.683434+00
e9899a09-ffd3-47d6-8989-625c2c0b003f,1,8f5aa14d-c014-473b-8d44-af08fc7238fb,true,36,,2026-08-27 04:09:54.307625+00
e98bfab5-0442-4c2e-84d6-4fe12f62682f,1,67e50f5f-8560-4cef-8285-f0a7a765a91b,true,11,,2026-09-13 00:32:26.012814+00
e9acf8fd-798b-4634-aaa6-32f8a90ff401,2,2bfb9538-a407-4ddc-84e2-81274f189173,true,8,,2026-09-04 00:38:48.182751+00
e9b2cdd0-6091-49b9-8870-356f479ef594,1,d3e0c4a0-51ff-4221-a50d-686df4e3a21f,true,9,,2026-09-17 01:02:43.532993+00
e9b37ecf-6f3a-498a-bdb5-319e9cd74197,12,a02ccc98-25c3-4172-b022-a0e1a2a0370e,true,6,,2026-09-13 00:34:10.136493+00
e9c2fae1-70c4-47f6-a211-38fec9755541,1,81f99d74-df4e-46d7-be77-e3ff5812f50e,true,1,,2026-09-16 01:00:03.878343+00
e9dcb688-8d91-4f8f-8bba-29de5d13eb7e,12,5c1d9ed6-c403-444e-aea4-876ac23e534a,true,3,,2026-08-24 23:18:40.316875+00
ea096aee-8a42-4718-ac95-1dddc15e69df,1,0effda5f-f587-4e30-81b4-fdf6ea0892cf,true,2,,2026-08-27 04:10:44.604197+00
ea267dd0-55e4-4beb-af91-738c20004b46,2,be9baa68-6a1a-445b-983e-1d28a4ba0a4f,true,49,,2026-09-04 00:35:12.813642+00
ea44b5ac-59e3-40db-8eed-2d2f843bec1f,2,3960d038-c199-4ec9-9192-61e08cfac5be,true,26,,2026-09-16 00:59:41.727955+00
ea8b61e2-5096-4534-a16d-6882d1cbb427,2,dea5cb3f-0c5e-4fab-a0c3-f743f4ecc299,true,32,,2026-08-24 21:23:41.55341+00
ea981392-5a70-4f7c-9498-513aa99c91ed,12,fa0c2bff-89f2-4bbd-9dea-a54bc057d264,true,2,,2026-08-28 06:31:48.065474+00
eaa642d0-908c-4538-ad3e-a0d1e08ce2d7,2,d3e0c4a0-51ff-4221-a50d-686df4e3a21f,true,9,,2026-09-09 00:57:22.872284+00
eade8817-941c-4802-bea1-d42a2c873225,1,be9baa68-6a1a-445b-983e-1d28a4ba0a4f,true,50,,2026-09-14 00:33:25.626342+00
eb392712-780e-4c53-bad7-7a2b76fbf083,12,d3e0c4a0-51ff-4221-a50d-686df4e3a21f,true,1,,2026-08-27 04:12:56.393146+00
eb3b4ca4-38fa-4038-8b09-7a1dc66ae332,12,2bfb9538-a407-4ddc-84e2-81274f189173,true,10,,2026-08-29 04:01:48.870822+00
eb61c636-04e9-4ecd-9018-e8cec1b6acc3,12,81f99d74-df4e-46d7-be77-e3ff5812f50e,false,0,,2026-09-07 00:34:50.404207+00
ebeef6b4-2703-4fca-8876-e0b212a0b586,2,ee1d97a1-7499-48fa-9fd2-8d7e700d8b5d,true,50,,2026-08-29 04:00:06.891058+00
ec0dc306-e0a1-426d-80fe-af239e91dce9,2,8aa3c496-01a6-42d5-8cc9-c3e6261f5c4a,true,7,,2026-09-10 00:47:33.406782+00
ec32c3c6-d4de-4b24-a57b-77274b13caa7,12,acbb1997-cf3a-4b9e-bb33-c361e8262a42,true,4,,2026-08-31 01:04:44.845792+00
ec399419-c57b-4121-9048-6e5b0a8a9558,12,ea3cb1ea-68fe-4723-8357-d6333898c16b,true,5,,2026-09-02 00:43:28.83232+00
ec5112c4-3c95-4756-aaed-ebb8b17b51f7,2,3960d038-c199-4ec9-9192-61e08cfac5be,true,26,,2026-09-09 00:58:14.247254+00
ec9d8a0f-a200-4e94-a71d-0613d7cb7f1b,1,06eb4f0b-8e0a-4de3-92b1-aadf775c0aa4,false,0,,2026-09-18 00:58:48.098042+00
ecee8b6f-ea9b-4736-b97f-cfb8d5d22b78,12,88f00fde-c03b-40d0-8391-942129c05179,true,1,,2026-08-31 01:04:25.283077+00
ed1df3d6-5e36-44fd-a707-2541a62e9b0f,12,8f5aa14d-c014-473b-8d44-af08fc7238fb,true,7,,2026-09-11 00:42:29.689271+00
ed2b16bf-3d6b-44f2-9b50-af1bd1587e92,1,f9d49da4-1257-4533-a246-a78b1d060d11,true,21,,2026-08-24 21:22:27.966367+00
ed363952-c3b5-4fa2-9aa7-5f89145a4662,2,d3e0c4a0-51ff-4221-a50d-686df4e3a21f,true,9,,2026-08-25 23:21:02.26749+00
ed4c0c64-4e60-47d2-bdcf-7fdc27deb4fe,12,0effda5f-f587-4e30-81b4-fdf6ea0892cf,true,2,,2026-09-03 00:54:35.777583+00
ed69d984-84d4-452f-ae32-eb625c6f84d5,12,06eb4f0b-8e0a-4de3-92b1-aadf775c0aa4,false,0,,2026-09-16 01:00:18.425043+00
ed7045dc-cd6f-4a57-9b45-7a508de12a11,2,06eb4f0b-8e0a-4de3-92b1-aadf775c0aa4,false,0,,2026-08-27 04:14:14.254511+00
edcb7755-964e-46d8-9d6d-72429c98efdd,1,5c1d9ed6-c403-444e-aea4-876ac23e534a,true,18,,2026-09-16 00:57:58.672484+00
edcc5967-94a1-4cf0-85aa-2ef45e675edc,2,6e727674-f76f-44c8-88ef-7859f408961f,true,32,,2026-09-07 00:31:29.360769+00
edea0b19-ba0b-478f-8f92-7f2b9936c24f,1,9bf64c00-6ad2-4bbb-878a-e1bd1ed7c664,true,21,,2026-09-02 00:43:15.243298+00
edf32844-e5b3-4110-8247-910258f2b80f,2,8aa3c496-01a6-42d5-8cc9-c3e6261f5c4a,true,7,,2026-08-24 23:19:58.181931+00
ee03cac5-fe95-4673-9d90-ab394647136f,1,6e727674-f76f-44c8-88ef-7859f408961f,true,40,,2026-09-06 00:24:50.018454+00
ee08ce6c-3177-4e1b-ae0f-b793f48a4b25,12,ea3cb1ea-68fe-4723-8357-d6333898c16b,true,5,,2026-09-09 00:56:24.961559+00
ee0ba2d8-e5a1-4e3c-ac67-bbad4f0cf396,12,ee1d97a1-7499-48fa-9fd2-8d7e700d8b5d,true,10,,2026-08-31 01:03:00.988963+00
ee2aac48-f932-4868-bfde-e1db3c9eaa12,12,8f5aa14d-c014-473b-8d44-af08fc7238fb,true,7,,2026-09-06 00:24:37.934471+00
ee3425c7-7bcb-40db-af29-248005b9cae7,1,a02ccc98-25c3-4172-b022-a0e1a2a0370e,true,15,,2026-08-24 21:25:33.897564+00
ee3b4748-27bd-44e6-830c-c09d508df601,12,6e727674-f76f-44c8-88ef-7859f408961f,true,8,,2026-09-03 00:54:11.77771+00
ee7149c6-fcf9-48d2-85e7-6589000d264a,2,80234ad7-9552-466e-8a3a-24d9970c57d8,true,1,,2026-08-31 01:04:31.857686+00
ee96d015-4e66-45e5-8f2b-1ef51f285651,12,2bfb9538-a407-4ddc-84e2-81274f189173,true,10,,2026-09-11 00:45:37.148142+00
eeaa8576-69e7-48ff-8d8b-b817cd8257bd,2,06eb4f0b-8e0a-4de3-92b1-aadf775c0aa4,false,0,,2026-09-15 01:09:20.177213+00
eeec35ca-3725-4788-8b6b-c29802900e0f,12,3960d038-c199-4ec9-9192-61e08cfac5be,true,4,,2026-09-13 00:34:29.122508+00
eeecff42-0684-40b4-9386-7e446b21e7b3,2,88f00fde-c03b-40d0-8391-942129c05179,true,3,,2026-09-12 00:52:44.581729+00
ef1af098-df5d-42d9-a2e8-374561898af9,12,0effda5f-f587-4e30-81b4-fdf6ea0892cf,true,2,,2026-08-31 01:02:34.124744+00
ef341373-df97-407a-b45b-2d66e30cfd94,2,9bf64c00-6ad2-4bbb-878a-e1bd1ed7c664,true,21,,2026-09-15 01:07:07.978304+00
ef92e009-87e8-46dd-a80f-408093c8fbec,1,9bf64c00-6ad2-4bbb-878a-e1bd1ed7c664,true,19,,2026-09-09 00:56:07.310538+00
ef9c506e-0ed5-4536-bf08-2e3657463aac,2,6e727674-f76f-44c8-88ef-7859f408961f,true,32,,2026-09-04 00:35:57.899502+00
efffc635-75b3-4916-8abf-d1d255f4fec4,12,5c1d9ed6-c403-444e-aea4-876ac23e534a,true,3,,2026-09-03 00:56:24.580781+00
f053702e-99a8-477d-ac2f-cb07600ff5e8,1,be9baa68-6a1a-445b-983e-1d28a4ba0a4f,true,50,,2026-08-29 03:58:47.860684+00
f0832b30-78b9-4cc6-b7bf-1b1771a8535c,12,2bfb9538-a407-4ddc-84e2-81274f189173,true,10,,2026-09-01 01:36:00.83569+00
f0a263b9-07ec-4720-ab07-d3723c8d3f0d,12,80234ad7-9552-466e-8a3a-24d9970c57d8,true,10,,2026-09-14 00:36:05.787425+00
f0c990c4-7e4d-4087-af59-3f09bd284937,1,3960d038-c199-4ec9-9192-61e08cfac5be,true,26,,2026-09-04 00:39:24.288685+00
f0d922e5-a552-429e-ba97-46ab5ea1f261,2,acbb1997-cf3a-4b9e-bb33-c361e8262a42,true,10,,2026-09-01 01:35:39.239024+00
f0dcb12e-ee1b-4483-9f65-37c9fdb20325,1,9bf64c00-6ad2-4bbb-878a-e1bd1ed7c664,true,21,,2026-09-01 01:34:37.053177+00
f0df13fd-a88f-4261-923f-f4aaadbdb0c7,1,2bfb9538-a407-4ddc-84e2-81274f189173,true,8,,2026-08-31 01:04:59.739389+00
f0ed7c65-b811-4e46-bffb-7fbabccc4ca0,1,75996b9d-b793-4155-868b-449a063d2b12,true,3,,2026-09-04 00:38:02.101843+00
f0f5b1b2-ef63-46b7-b379-9559076981b3,1,5c1d9ed6-c403-444e-aea4-876ac23e534a,true,18,,2026-09-01 01:35:02.936217+00
f1115ed3-a1d1-4f80-a860-6b0d4126655d,2,a02ccc98-25c3-4172-b022-a0e1a2a0370e,true,12,,2026-09-06 00:27:33.003034+00
f1155f29-ba8c-4a39-a269-ba5f8eee7027,1,5c1d9ed6-c403-444e-aea4-876ac23e534a,true,18,,2026-08-30 00:58:07.070962+00
f1357a9e-d42e-42d8-9d93-c2614414e90e,2,ee1d97a1-7499-48fa-9fd2-8d7e700d8b5d,true,50,,2026-09-17 01:00:40.816269+00
f1371dcb-a6a5-434c-b7c9-75981b176b7e,1,fa0c2bff-89f2-4bbd-9dea-a54bc057d264,true,4,,2026-09-11 00:46:37.086513+00
f17eadd4-552c-47db-af90-37054c33fd9d,12,acbb1997-cf3a-4b9e-bb33-c361e8262a42,true,4,,2026-09-13 00:33:41.753528+00
f18074b6-ff4c-4bfd-9274-fa39bbc3f445,1,fa0c2bff-89f2-4bbd-9dea-a54bc057d264,true,4,,2026-09-02 00:45:23.127061+00
f1b644f3-903b-44d7-aa0c-5cafee4046f2,12,5c1d9ed6-c403-444e-aea4-876ac23e534a,true,3,,2026-09-14 00:35:46.350791+00
f1d2f2da-d7bd-4fea-981b-3bdcaa7b511c,12,75996b9d-b793-4155-868b-449a063d2b12,true,4,,2026-08-28 06:29:49.555036+00
f1d388f0-75a2-458f-b407-e120b48ff1c3,2,75996b9d-b793-4155-868b-449a063d2b12,true,3,,2026-09-08 00:52:17.209843+00
f2026013-ead8-44c4-8a80-1392421e30f3,12,0effda5f-f587-4e30-81b4-fdf6ea0892cf,true,2,,2026-09-14 00:34:28.361055+00
f208d41e-29b7-4440-9c17-2d2bc4b9598e,12,acbb1997-cf3a-4b9e-bb33-c361e8262a42,true,4,,2026-08-28 06:30:16.306629+00
f2c7188a-f808-4197-92e8-f78f2877457f,12,be9baa68-6a1a-445b-983e-1d28a4ba0a4f,true,7,,2026-08-27 04:09:42.714372+00
f334725c-87c0-4370-ae56-9835b6645392,2,a02ccc98-25c3-4172-b022-a0e1a2a0370e,true,12,,2026-09-04 00:39:02.24885+00
f336225b-c32c-41f1-8f6c-c49fe5e781b5,12,88f00fde-c03b-40d0-8391-942129c05179,true,1,,2026-08-24 23:18:54.02624+00
f3445d64-1aa5-40da-bcec-ed1044de81b8,2,75996b9d-b793-4155-868b-449a063d2b12,true,3,,2026-09-11 00:44:52.269326+00
f3967763-cee5-4ec0-b1d1-af2cad44ea98,1,dea5cb3f-0c5e-4fab-a0c3-f743f4ecc299,true,29,,2026-09-01 01:34:19.182344+00
f3a78d29-fa54-420d-9833-0c1bb6cce8fb,12,ee1d97a1-7499-48fa-9fd2-8d7e700d8b5d,true,10,,2026-09-03 00:55:06.360129+00
f3a97780-083f-47f4-8fa7-b02e769d1ab7,2,3960d038-c199-4ec9-9192-61e08cfac5be,true,26,,2026-08-24 23:20:13.819831+00
f469df91-83fd-4131-be6e-8fa259b49e2c,12,75996b9d-b793-4155-868b-449a063d2b12,true,4,,2026-09-15 01:07:39.20489+00
f4809696-449c-4f0a-8882-e3ebfcb98a36,12,8aa3c496-01a6-42d5-8cc9-c3e6261f5c4a,true,3,,2026-09-14 00:36:46.980025+00
f4904a03-f0aa-46bd-a90e-2c254ce636ae,2,a02ccc98-25c3-4172-b022-a0e1a2a0370e,true,12,,2026-09-02 00:44:33.105+00
f49606b7-7c0e-493e-9e4f-a0f24c694290,12,fa0c2bff-89f2-4bbd-9dea-a54bc057d264,true,2,,2026-09-10 00:48:10.78987+00
f4973aa4-5c44-40d2-810f-261c0b1939bc,1,6e727674-f76f-44c8-88ef-7859f408961f,true,40,,2026-09-14 00:34:04.431867+00
f4ed7be5-62b6-41f5-b2c6-df94a83c7217,2,6e727674-f76f-44c8-88ef-7859f408961f,true,32,,2026-09-12 00:50:19.041499+00
f4fc616d-87cf-4a4a-82a7-c4e3b0aaec77,1,dea5cb3f-0c5e-4fab-a0c3-f743f4ecc299,true,31,,2026-09-08 00:51:24.021387+00
f52bf5e9-2fa0-4ee2-a683-da23d8a2af5a,1,6e727674-f76f-44c8-88ef-7859f408961f,true,40,,2026-09-16 00:55:44.982333+00
f55954bb-3315-4667-9cd0-ae345bdd595b,1,67e50f5f-8560-4cef-8285-f0a7a765a91b,true,11,,2026-09-05 00:30:41.732495+00
f56ad305-b63a-4c24-9749-0593e2944b96,12,88f00fde-c03b-40d0-8391-942129c05179,true,1,,2026-09-16 00:58:20.039498+00
f571e983-a7e9-4327-8434-8b9238e5f595,1,8f5aa14d-c014-473b-8d44-af08fc7238fb,true,37,,2026-09-02 00:41:37.493563+00
f5888a09-f176-4521-9ffd-7febac03ec97,2,fa0c2bff-89f2-4bbd-9dea-a54bc057d264,true,4,,2026-09-05 00:33:13.235618+00
f5ca25b7-a36a-4b7a-8b70-950a4c92f071,12,f9d49da4-1257-4533-a246-a78b1d060d11,true,3,,2026-08-28 06:27:54.329688+00
f6388d54-bf7d-4f65-bc69-64067c38f563,1,be9baa68-6a1a-445b-983e-1d28a4ba0a4f,true,50,,2026-09-15 01:05:04.727815+00
f6444175-82ed-4864-8f92-13cc5cb40195,2,cdde90d3-c7f2-484b-9d50-d359b362c86c,true,17,,2026-09-06 00:28:05.489597+00
f653268d-1381-44e1-8280-3f7f973d4146,2,f9d49da4-1257-4533-a246-a78b1d060d11,true,22,,2026-09-01 01:33:21.483945+00
f65bb238-d821-4d6b-a39f-849a5946569e,12,06eb4f0b-8e0a-4de3-92b1-aadf775c0aa4,false,0,,2026-09-11 00:46:43.378119+00
f66288aa-fabb-458e-bcbf-73fc6b8e56cb,12,acbb1997-cf3a-4b9e-bb33-c361e8262a42,true,4,,2026-09-02 00:44:07.047554+00
f6748237-6475-4353-b8a2-2eafc8c69a0e,2,d3e0c4a0-51ff-4221-a50d-686df4e3a21f,true,9,,2026-09-01 01:35:49.076815+00
f690321e-a25a-4c55-81b2-9362f77f66ff,12,80234ad7-9552-466e-8a3a-24d9970c57d8,true,10,,2026-08-28 06:30:05.365047+00
f69fa951-8254-458f-8a1b-bdbe42fa1e04,1,80234ad7-9552-466e-8a3a-24d9970c57d8,true,1,,2026-09-14 00:36:03.246533+00
f6fdc9f8-2b4f-4182-a68f-e82b50c86809,12,8f5aa14d-c014-473b-8d44-af08fc7238fb,true,7,,2026-09-10 00:44:24.448172+00
f7218cbb-d0a2-4a29-b7cc-87c65dee294d,2,2bfb9538-a407-4ddc-84e2-81274f189173,true,8,,2026-09-02 00:44:21.989658+00
f7757cba-3130-49b5-9532-83db44bd485b,12,67e50f5f-8560-4cef-8285-f0a7a765a91b,true,5,,2026-09-05 00:30:44.723898+00
f785aa58-d86b-49cc-8d6a-ffae4dd0d481,2,75996b9d-b793-4155-868b-449a063d2b12,true,3,,2026-08-27 04:12:21.363893+00
f79dfcd8-fafd-4926-aa89-471fe11cd75c,12,a02ccc98-25c3-4172-b022-a0e1a2a0370e,true,6,,2026-09-07 00:34:10.736899+00
f7b1d10c-143c-4a04-aa10-873ca12a52ee,1,be9baa68-6a1a-445b-983e-1d28a4ba0a4f,true,50,,2026-09-07 00:30:41.772824+00
f7dbd093-acda-43a7-afe5-112f21d8c83f,1,f9d49da4-1257-4533-a246-a78b1d060d11,true,21,,2026-09-18 00:55:30.203035+00
f84da1ed-5576-4a92-b630-c4449fba0e0c,2,3960d038-c199-4ec9-9192-61e08cfac5be,true,26,,2026-09-05 00:32:46.69595+00
f85eb329-0350-4ce1-9f67-d6333e7bfe32,12,0effda5f-f587-4e30-81b4-fdf6ea0892cf,true,2,,2026-08-30 00:56:42.926263+00
f882225f-0798-48e1-b207-893509a488e3,1,8aa3c496-01a6-42d5-8cc9-c3e6261f5c4a,true,7,,2026-08-30 00:59:19.383054+00
f8f11608-d3bb-430a-a403-d848301660cc,12,8f5aa14d-c014-473b-8d44-af08fc7238fb,true,7,,2026-08-27 04:10:02.851731+00
f9069566-5558-498a-b1a7-d595222dc80b,2,75996b9d-b793-4155-868b-449a063d2b12,true,3,,2026-08-28 06:29:48.034357+00
f911f602-3f1a-4e83-8c09-e27a0a370ae0,12,75996b9d-b793-4155-868b-449a063d2b12,true,4,,2026-09-09 00:56:48.199433+00
f9156546-7b4a-4c51-bbd1-f891ec1248ca,12,88f00fde-c03b-40d0-8391-942129c05179,true,1,,2026-09-15 01:07:44.706195+00
f915b690-4015-4f4b-bf7c-7fddf31f3667,12,81f99d74-df4e-46d7-be77-e3ff5812f50e,false,0,,2026-09-05 00:33:07.37426+00
f928876e-addf-4772-b504-9168337acb63,2,be9baa68-6a1a-445b-983e-1d28a4ba0a4f,true,50,,2026-09-13 00:31:06.711243+00
f946c7a7-79d9-4d3d-a9e6-b1ba6d7308af,1,a02ccc98-25c3-4172-b022-a0e1a2a0370e,true,15,,2026-08-30 00:59:09.117035+00
f964aaa5-b5cf-40de-86c7-731c7ddb5957,12,06eb4f0b-8e0a-4de3-92b1-aadf775c0aa4,false,0,,2026-09-14 00:37:26.596647+00
f9823a06-959e-48a0-b371-94727d7215a3,2,80234ad7-9552-466e-8a3a-24d9970c57d8,true,1,,2026-09-13 00:33:31.8352+00
f9f8a186-5011-49ad-8fe8-9b3aabd2d4bc,2,ee1d97a1-7499-48fa-9fd2-8d7e700d8b5d,true,50,,2026-09-15 01:06:30.008929+00
fa0cc3ef-32a6-4d3d-bc3c-62d8e97565f4,1,8aa3c496-01a6-42d5-8cc9-c3e6261f5c4a,true,7,,2026-08-27 04:13:27.524365+00
fa3467ea-b944-471d-baec-9f36a7bbc88f,12,81f99d74-df4e-46d7-be77-e3ff5812f50e,false,0,,2026-08-24 23:20:34.430348+00
fa7aba8d-c4b4-4262-baa9-4a0b672e6480,1,5c1d9ed6-c403-444e-aea4-876ac23e534a,true,18,,2026-09-03 00:56:19.794143+00
faa426ac-5181-4903-9ca7-bc589b4b26ed,12,5c1d9ed6-c403-444e-aea4-876ac23e534a,true,3,,2026-08-30 00:58:11.226454+00
fab2977d-bf0b-46e3-8260-f7810144d496,12,ea3cb1ea-68fe-4723-8357-d6333898c16b,true,5,,2026-08-31 01:03:59.464714+00
fad9e710-4912-4c40-aac7-88ed9c5f201b,12,ee1d97a1-7499-48fa-9fd2-8d7e700d8b5d,true,10,,2026-09-06 00:25:37.4067+00
fadbd933-f5cc-453b-acee-955dee09af1f,2,ee1d97a1-7499-48fa-9fd2-8d7e700d8b5d,true,50,,2026-09-01 01:33:54.389469+00
fb2f50b7-cb38-4c94-b562-9432864bbaae,2,8f5aa14d-c014-473b-8d44-af08fc7238fb,true,37,,2026-09-01 01:32:37.527845+00
fb4d612b-9ace-4dd7-abe4-fb384619b14e,12,9bf64c00-6ad2-4bbb-878a-e1bd1ed7c664,true,4,,2026-09-14 00:35:27.188066+00
fb6d12b2-30c1-413d-a0ae-e1e69391871c,1,8aa3c496-01a6-42d5-8cc9-c3e6261f5c4a,true,7,,2026-09-10 00:47:32.172642+00
fb86fd74-8202-41f1-8d13-601c505298a1,2,8aa3c496-01a6-42d5-8cc9-c3e6261f5c4a,true,7,,2026-09-07 00:34:17.365847+00
fbb0e533-2fb4-4c36-9d4a-248e122c19cb,2,67e50f5f-8560-4cef-8285-f0a7a765a91b,true,11,,2026-09-17 01:00:53.675588+00
fbb87cd7-7b62-4d39-8dd1-c361107dc7bf,12,06eb4f0b-8e0a-4de3-92b1-aadf775c0aa4,false,0,,2026-08-31 01:06:14.926893+00
fbd877f2-3763-4ca2-8f90-72462742799e,1,d3e0c4a0-51ff-4221-a50d-686df4e3a21f,true,9,,2026-09-08 00:52:48.309702+00
fbe93aea-51db-4391-92f6-1f7840640dcd,12,88f00fde-c03b-40d0-8391-942129c05179,true,1,,2026-09-10 00:46:43.26911+00
fbf116fe-5d1a-4d2d-b097-32cf2e37266e,12,3960d038-c199-4ec9-9192-61e08cfac5be,true,4,,2026-09-16 00:59:42.752204+00
fc2434f9-9189-492a-b821-567e7304726d,12,a02ccc98-25c3-4172-b022-a0e1a2a0370e,true,6,,2026-08-24 23:19:48.644612+00
fc871832-f8c8-4fb6-b88a-d78b327da925,2,ea3cb1ea-68fe-4723-8357-d6333898c16b,true,11,,2026-08-29 04:00:53.608991+00
fc8bbf1e-1db6-4169-aeaf-f90a8f0e31de,12,ee1d97a1-7499-48fa-9fd2-8d7e700d8b5d,true,10,,2026-08-24 21:23:10.789903+00
fcaaeab3-be4e-41a7-9919-87d744124ec6,2,dea5cb3f-0c5e-4fab-a0c3-f743f4ecc299,true,32,,2026-09-02 00:43:06.320542+00
fcc960e7-e53c-4548-8256-b215feac12b1,2,dea5cb3f-0c5e-4fab-a0c3-f743f4ecc299,true,32,,2026-08-28 06:28:58.242037+00
fcfe0b4c-8ed1-488a-8119-19556ecd362e,2,cdde90d3-c7f2-484b-9d50-d359b362c86c,true,17,,2026-08-25 23:21:51.825391+00
fd477300-6ba5-4714-9b4a-4915603690f3,12,fa0c2bff-89f2-4bbd-9dea-a54bc057d264,true,2,,2026-09-13 00:34:50.901571+00
fd53cb1e-98ef-4cae-8100-eee1cbf3a257,12,81f99d74-df4e-46d7-be77-e3ff5812f50e,false,0,,2026-08-30 01:00:00.179774+00
fd910800-0ce7-49cf-9f84-23f6a7ab70ac,2,06eb4f0b-8e0a-4de3-92b1-aadf775c0aa4,false,0,,2026-09-09 00:58:49.002868+00
fda49a78-842c-49e0-b0a5-c270c5afb411,1,dea5cb3f-0c5e-4fab-a0c3-f743f4ecc299,true,31,,2026-09-14 00:35:08.707823+00
fda94595-7359-419b-97b1-934b4522f538,2,fa0c2bff-89f2-4bbd-9dea-a54bc057d264,true,4,,2026-09-16 01:00:11.756819+00
fdc92217-e75f-4273-9d19-ea1b85076274,2,8aa3c496-01a6-42d5-8cc9-c3e6261f5c4a,true,7,,2026-09-04 00:39:12.736302+00
fe090d31-b826-4fdc-b552-b50fff1c54d0,2,81f99d74-df4e-46d7-be77-e3ff5812f50e,false,0,,2026-09-13 00:34:44.53444+00
fe124fe0-4e7c-432a-a0bb-ec9d3a2bc7d3,12,8f5aa14d-c014-473b-8d44-af08fc7238fb,true,7,,2026-09-04 00:35:36.770232+00
fe2bcd83-2c35-4d49-b57b-ff19ff9041f3,12,d3e0c4a0-51ff-4221-a50d-686df4e3a21f,true,1,,2026-09-14 00:36:21.663206+00
fe2d92aa-d806-481a-9e99-dc1c40098f7a,1,acbb1997-cf3a-4b9e-bb33-c361e8262a42,true,11,,2026-08-30 00:58:39.113373+00
fe54656a-1aff-4d9b-bce9-a2d2ead09b35,1,8aa3c496-01a6-42d5-8cc9-c3e6261f5c4a,true,7,,2026-09-14 00:36:45.354789+00
fe5c280f-4bc8-481f-80e1-c88f3ad6b02f,12,67e50f5f-8560-4cef-8285-f0a7a765a91b,true,5,,2026-09-02 00:42:52.472709+00
fe7db729-5257-496f-9674-3ee17c5347ae,12,dea5cb3f-0c5e-4fab-a0c3-f743f4ecc299,true,7,,2026-09-03 00:55:40.477884+00
feff8ff0-74b5-4b17-9dee-5d0b25422e8a,1,67e50f5f-8560-4cef-8285-f0a7a765a91b,true,11,,2026-08-29 04:00:16.012496+00
ff6ca16c-4a92-418f-8d54-9cf3944c5499,12,dea5cb3f-0c5e-4fab-a0c3-f743f4ecc299,true,7,,2026-08-28 06:29:00.111876+00
ffabb263-ee34-4f2a-b42a-0e17d9df0b5a,1,ee1d97a1-7499-48fa-9fd2-8d7e700d8b5d,true,45,,2026-09-15 01:06:22.266504+00
ffce6264-d5b6-4876-b95f-bebfd73734c4,1,fa0c2bff-89f2-4bbd-9dea-a54bc057d264,true,4,,2026-09-10 00:48:09.451093+00